n,win,avgR,avgR_trim,t,pf,strategy,first_half,second_half,news_only,per_day
665,0.46,-0.149,-0.149,-3.58,0.74,pm_high_break,-0.177,-0.121,-0.159,1.33
665,0.463,-0.16,-0.16,-3.91,0.72,hod_break,-0.219,-0.1,-0.159,1.33
1339,0.453,-0.171,-0.171,-5.99,0.7,orb15,-0.179,-0.163,-0.175,2.68
2264,0.442,-0.186,-0.186,-8.18,0.69,orb5,-0.178,-0.194,-0.214,4.53
802,0.433,-0.19,-0.19,-5.39,0.66,afternoon_hod,-0.213,-0.166,-0.142,1.6
2228,0.429,-0.259,-0.259,-10.95,0.61,bull_flag,-0.25,-0.267,-0.302,4.46
5276,0.423,-0.263,-0.263,-16.92,0.61,ema_bounce,-0.245,-0.281,-0.257,10.55
2548,0.416,-0.263,-0.263,-12.35,0.6,failed_breakdown,-0.243,-0.283,-0.29,5.1
4476,0.377,-0.429,-0.429,-25.31,0.45,vwap_pullback,-0.44,-0.419,-0.436,8.95
739,0.367,-0.328,-0.43,-3.49,0.67,eod_squeeze,-0.174,-0.481,-0.225,1.48
