date,time,ticker,strategy,entry,spread_pct,quotes
2025-07-02,10:20,TSLT,bull_flag,15.39,0.0006499837504062259,956
2026-08-18,11:29,XOS,failed_breakdown,4.29,0.0023391812865498655,33
2025-09-05,10:57,LAWR,orb5,2.62,0.015209125475285185,66
2025-01-22,10:33,TEM,vwap_pullback,49.73,0.0036297640653357474,26
2025-10-06,11:31,BNKK,vwap_pullback,14.79,0.002593422138394543,60
2024-11-08,14:16,INDI,afternoon_hod,5.29,0.0018957345971565259,300
2026-02-03,10:11,PLTU,failed_breakdown,56.09,0.0010708548991612043,1000
2025-06-13,10:57,KOS,vwap_pullback,2.29,0.004395604395604302,13
2026-04-10,10:22,MVLL,ema_bounce,13.81,0.003264213220108889,38
2026-08-13,10:47,YXT,ema_bounce,5.1071,0.023391812865497092,2
2026-07-10,09:36,ELAB,orb5,14.0,0.007220216606498202,621
2024-12-20,10:14,LAES,ema_bounce,2.26,0.004474272930648872,119
2025-09-02,09:59,IONS,bull_flag,54.19,0.0018535681186283859,129
2026-01-29,13:13,ORBS,bull_flag,1.635,0.0061919504643962895,3
2026-04-15,10:05,WATT,vwap_pullback,20.07,0.007490636704119957,7
2025-06-17,10:14,WLY,hod_break,41.03,0.004403131115459876,15
2025-05-19,09:58,ARIS,failed_breakdown,5.85,0.0034305317324184515,4
2026-04-07,10:13,SKYQ,ema_bounce,7.83,0.0025673940949935267,228
2026-06-10,12:34,STAK,ema_bounce,6.33,,0
2025-09-10,10:50,LDI,failed_breakdown,3.4499,0.0029197080291971478,15
2026-03-17,09:36,BIAF,orb5,39.29,0.0038095238095237284,992
2025-09-05,12:01,DLTH,bull_flag,3.9701,0.005063291139240511,14
2025-01-24,10:36,LAES,ema_bounce,4.3388,0.0023174971031287776,26
2026-03-13,11:08,MSTU,failed_breakdown,57.79,0.0017316017316018485,304
2024-12-31,10:30,RIME,ema_bounce,20.57,0.007812500000000088,12
2025-10-14,10:13,ERIC,orb15,9.6066,0.0010443864229764792,854
2025-10-31,09:43,MSAI,orb5,78.92,0.005115089514066501,594
2026-09-03,09:40,ROBN,orb5,37.91,0.002383790226459974,503
2025-04-29,10:52,NE,vwap_pullback,22.75,0.001323626737260143,28
2025-03-05,10:01,YMM,vwap_pullback,12.94,0.0015503875968991916,189
2025-11-12,09:48,EDVA,orb5,4.928,0.016393442622950834,1
2026-05-27,10:17,SEGG,ema_bounce,11.05,0.006349206349206354,1
2026-02-09,09:37,HUMA,orb5,1.07,0.009478672985781998,62
2026-01-20,09:48,ETHD,orb5,45.22,0.0017660044150111568,634
2025-12-16,10:52,RILY,bull_flag,4.868,0.004132231404958589,49
2026-03-02,11:33,LITX,ema_bounce,38.98,0.003761969904240868,41
2025-07-08,10:43,HUMA,vwap_pullback,2.6698,0.0038095238095237284,279
2026-07-23,10:15,TSDD,ema_bounce,10.5801,0.0009474182851728837,877
2024-11-13,11:00,SSYS,vwap_pullback,10.165,0.003956478733926897,156
2026-06-15,10:27,GELS,ema_bounce,1.5899,0.006389776357827482,67
2025-02-05,10:28,NOV,ema_bounce,15.85,0.0006319115323854526,66
2025-01-23,10:42,EVLV,orb15,3.84,0.0026075619295957723,96
2024-12-17,15:15,QBTS,vwap_pullback,8.195,0.0012292562999385108,144
2025-05-14,10:30,SMCI,ema_bounce,44.645,0.00022444170126821044,961
2025-09-19,11:11,TIC,failed_breakdown,14.21,0.0014124293785310433,42
2025-09-08,12:15,PLCE,ema_bounce,6.565,0.004583651642475074,1
2026-07-14,11:37,AAOG,bull_flag,4.7,0.00851063829787235,71
2026-04-14,11:34,MEDS,bull_flag,7.185,0.00839748075577312,34
2026-03-23,12:09,KORU,failed_breakdown,17.88,0.0037079693249810197,283
2025-08-25,10:05,QCLS,vwap_pullback,7.58,0.0026455026455027212,12
2026-07-23,10:22,GDXD,vwap_pullback,48.1917,0.003534670963717678,414
2024-12-10,10:31,UNFI,ema_bounce,30.83,0.009423233143785629,17
2026-09-25,10:17,USDE,vwap_pullback,14.85,0.004045853000674222,12
2024-11-13,10:54,RIVN,vwap_pullback,12.555,0.0007971303308092119,611
2025-07-24,10:14,WOLF,ema_bounce,1.9196,0.0052493438320210025,54
2025-11-13,10:44,CSIQ,vwap_pullback,30.08,0.002003338898163563,199
2026-08-11,10:14,MTEN,failed_breakdown,1.36,0.007326007326007331,142
2025-10-24,14:52,SLM,vwap_pullback,28.115,0.0003561887800533575,262
2025-05-22,11:28,RAMP,vwap_pullback,34.41,0.0017472335468839593,7
2026-02-27,10:16,MARA,ema_bounce,9.62,0.0010422094841062834,585
2025-12-16,09:51,MNTS,orb15,9.197,0.007204751241359023,37
2026-07-21,10:00,SNDU,vwap_pullback,26.57,0.001884303749764355,376
2026-07-13,12:04,SNDQ,ema_bounce,29.01,0.0034542314335059715,167
2025-05-09,09:40,FOXF,orb5,25.38,0.005548949663099507,237
2025-05-12,10:28,SOC,vwap_pullback,26.505,0.007558578987150389,13
2025-07-31,14:54,INDV,ema_bounce,19.915,0.0025144581342721,10
2025-09-11,10:13,MAZE,vwap_pullback,23.5511,0.00893046991282164,15
2026-08-17,11:52,LUNL,bull_flag,7.59,0.002642007926023839,87
2025-08-22,10:34,MNSO,hod_break,25.545,0.0007840062720501597,15
2025-02-18,13:04,PCT,afternoon_hod,11.4,0.0017543859649122432,113
2025-08-22,09:36,HERE,pm_high_break,8.72,0.012708753287321989,12
2026-03-05,10:56,TURB,ema_bounce,2.7,0.0037243947858472204,7
2025-02-11,10:30,BZH,ema_bounce,23.475,0.004691831947110234,8
2025-05-07,10:03,LIVN,vwap_pullback,41.845,0.007657334290500126,3
2025-09-02,10:18,GROY,ema_bounce,3.895,0.0025806451612902675,5
2026-02-03,11:47,CYN,bull_flag,2.05,0.0049382716049381666,102
2026-05-19,09:52,NOWL,pm_high_break,5.9397,0.001696352841391124,959
2025-08-25,10:42,TLRY,vwap_pullback,13.57,0.007380073800738014,19
2026-01-07,11:38,MNTS,ema_bounce,13.4361,0.007434944237918189,67
2026-05-29,14:53,DLLL,ema_bounce,24.42,0.0035888233786209537,89
2025-02-21,10:01,BABX,vwap_pullback,44.01,0.001368613138686021,756
2025-12-04,10:19,TSHA,pm_high_break,4.99,0.002014098690835808,37
2026-08-05,13:00,SWIM,afternoon_hod,7.38,0.0013577732518669093,168
2025-06-11,09:40,USBC,orb5,3.91,0.002670226969292333,269
2025-08-06,14:14,GO,afternoon_hod,18.49,0.0005409791723017587,515
2026-07-02,10:22,ETHU,vwap_pullback,13.3499,0.0007515971439308371,862
2026-04-14,09:46,IONX,orb5,26.36,0.0022927015666793548,978
2026-08-11,13:51,QMCO,bull_flag,19.08,0.0010504201680672045,80
2026-05-22,10:28,WW,ema_bounce,12.64,0.01624076195258202,6
2026-01-06,12:45,AEVA,vwap_pullback,16.723,0.0023980815347721313,3
2026-04-15,09:48,HOOG,orb15,24.8992,0.005638340716874629,76
2025-09-10,10:20,AMLX,orb15,11.615,0.002587322121604085,57
2026-07-14,09:37,VMAR,orb5,19.63,0.005167958656330754,512
2025-01-31,12:00,RR,ema_bounce,2.672,0.0037664783427496158,16
2025-10-20,10:58,DGXX,ema_bounce,4.8501,0.0020725388601035826,89
2026-02-02,10:11,ETHD,vwap_pullback,70.81,0.0024115185474147343,170
2026-03-23,12:22,SER,vwap_pullback,3.0291,0.010016694490817964,1
2025-04-30,09:58,TSDD,bull_flag,36.87,0.0008142217397204814,625
2024-12-30,11:10,MDAI,ema_bounce,3.215,0.003129890453834188,5
2025-05-27,09:56,RKLX,orb5,12.43,0.0037674919268028384,67
2025-10-29,10:10,OPFI,bull_flag,10.53,0.005708848715508918,1
2026-05-04,10:01,DARE,vwap_pullback,2.97,0.04123711340206189,5
2026-05-11,13:02,MRAM,afternoon_hod,42.17,0.002365184484389816,155
2025-11-26,10:37,NBIL,bull_flag,12.1,0.0033222591362127014,78
2025-06-27,12:53,RILY,vwap_pullback,3.1201,0.0032206119162640216,9
2025-01-21,09:46,BAK,orb5,4.6804,0.002143622722400812,36
2025-12-31,10:02,VNDA,vwap_pullback,9.27,0.0021691973969630773,335
2025-02-21,09:47,ZLAB,pm_high_break,34.84,0.006312769010043009,29
2026-09-01,12:31,GDXD,failed_breakdown,18.73,0.0016038492381714828,158
2026-04-29,09:42,PRG,orb5,34.58,0.025317314013400184,4
2025-07-15,09:36,OPEN,orb5,1.0699,0.009661835748792277,540
2025-05-29,10:02,TSHA,orb15,2.9392,0.0034305317324184515,45
2024-10-15,11:45,IMRX,vwap_pullback,2.34,0.004301075268817303,58
2025-08-20,12:02,CGTX,ema_bounce,1.955,0.005167958656330754,2
2025-12-29,10:20,DUST,ema_bounce,74.81,0.0013360053440213476,970
2025-02-24,09:48,AMRX,orb15,8.6,0.002331002331002281,329
2025-08-06,10:14,CYRX,bull_flag,8.8675,0.00338791643139462,57
2026-04-15,10:11,IONX,ema_bounce,38.9,0.0030872137895548604,744
2026-09-14,11:03,SNDQ,ema_bounce,14.755,0.0006777363605557294,514
2026-04-09,10:12,SNDU,ema_bounce,12.2,0.004938271604938264,184
2025-11-20,10:12,CRDU,hod_break,14.2,0.0058278145695363935,129
2026-04-20,10:31,SKYQ,ema_bounce,9.25,,0
2025-04-09,10:03,SBSW,vwap_pullback,3.495,0.002877697841726557,133
2026-03-31,10:01,NBIG,vwap_pullback,6.71,0.005970149253731349,48
2026-03-16,11:55,CWVX,failed_breakdown,23.84,0.002935625917383111,73
2025-05-30,11:26,LVWR,ema_bounce,4.5888,0.002190580503833664,19
2025-01-10,11:26,PRZO,vwap_pullback,2.07,0.004889975550122145,29
2026-05-26,10:00,LUNL,vwap_pullback,52.37,0.01580570547417117,31
2026-08-28,11:59,HYLN,failed_breakdown,3.62,0.002781641168289355,59
2025-07-24,12:03,CNSY,ema_bounce,15.76,0.0080172858352988,34
2025-12-29,10:16,ZSL,vwap_pullback,55.23,0.0018099547511313439,619
2025-10-23,10:39,OLOX,ema_bounce,32.85,0.0030441400304414704,81
2026-02-20,15:33,AMN,eod_squeeze,19.44,0.001544401544401603,21
2025-04-16,15:30,NVDD,eod_squeeze,73.77,0.0013559322033898015,991
2026-07-16,10:12,MAN,bull_flag,49.97,0.002808425275827494,12
2025-05-15,09:50,TSLZ,orb15,33.85,0.005934718100890213,446
2026-06-12,13:16,NEBX,afternoon_hod,45.8,0.00328407224958946,65
2025-12-04,10:01,SRFM,vwap_pullback,2.495,0.0040404040404039545,27
2024-12-03,11:16,MP,ema_bounce,23.31,0.001718951439621794,41
2025-12-11,10:00,PL,vwap_pullback,16.3082,0.0012315270935960327,827
2025-12-05,09:38,NFE,orb5,81.87,0.006153846153846023,188
2025-09-10,13:02,SOC,bull_flag,22.55,0.0008873114463176387,36
2026-02-03,11:38,GXAI,vwap_pullback,2.2014,0.004535147392290152,116
2026-07-27,09:36,QBTX,orb5,34.56,0.0023174971031287776,700
2026-06-05,09:37,APLZ,orb5,17.83,0.005643340857787691,118
2025-01-27,09:40,KOLD,orb5,36.19,0.0005534034311011627,352
2026-07-09,10:15,WDCX,vwap_pullback,35.05,0.003993154592127797,277
2024-12-18,09:37,SOUNW,orb5,14.01,0.02135231316725971,23
2026-02-17,09:47,ITRI,orb15,103.82,0.01650135697787493,6
2025-04-22,10:45,ETHT,hod_break,19.83,0.002522068095838646,730
2025-10-06,10:49,LABX,bull_flag,17.44,0.004870362412261902,10
2026-04-13,10:00,SAFX,orb5,1.165,0.0088888888888887,377
2026-09-21,10:18,GRAL,ema_bounce,102.345,0.005870841487279788,79
2025-08-20,10:03,CGTX,orb15,1.88,0.01075268817204302,14
2025-05-02,15:30,FIVE,eod_squeeze,84.53,0.0010657824619573592,51
2025-07-02,12:35,CYN,failed_breakdown,14.7112,0.004753820033955877,9
2025-04-01,09:39,HERE,orb5,4.815,0.006282722513089057,78
2025-01-15,10:08,SOUNW,hod_break,8.34,0.013165769000598375,3
2025-05-23,10:08,UEC,orb15,6.25,0.0016038492381715776,175
2026-10-02,14:33,XRPN,vwap_pullback,40.06,0.013608847350101875,42
2026-06-18,12:32,BYAH,ema_bounce,11.78,,0
2026-05-05,10:42,IART,hod_break,13.605,0.002208317997791635,4
2026-07-15,10:29,TRT,failed_breakdown,11.795,,0
2025-12-11,10:20,BQ,ema_bounce,2.395,0.008438818565400852,11
2025-09-26,10:44,MIR,orb15,23.125,0.00043318171973149504,173
2026-09-21,10:21,ARMG,ema_bounce,24.97,0.0032064128256512345,48
2026-05-08,10:22,WSC,orb15,27.34,0.0011007154650523258,129
2025-11-05,10:12,LMND,orb5,71.89,0.0024379032694726104,108
2026-04-07,10:20,TURB,ema_bounce,3.39,0.008915304606240654,7
2025-02-25,09:46,SBIT,orb15,62.24,0.0008054772452678041,972
2026-06-25,10:48,SAGT,orb5,1.57,0.00647249190938512,77
2025-03-11,09:37,XPEV,orb5,26.42,0.001135718341851264,813
2025-11-03,10:17,CIFR,ema_bounce,24.645,0.0004064214590529571,969
2025-04-10,10:11,NVDQ,ema_bounce,64.7,0.003100775193798383,1000
2026-06-30,11:24,ENPH,failed_breakdown,49.53,0.0012067578439260312,282
2026-03-06,12:26,UVXY,ema_bounce,50.065,0.0017998200179981264,654
2025-08-13,10:32,SMWB,ema_bounce,8.2,,0
2025-02-12,10:01,NWTG,failed_breakdown,14.28,0.0008408660920748612,7
2026-07-09,10:02,AMAU,vwap_pullback,25.79,0.0038804811796663338,85
2025-10-21,09:48,GLL,orb15,28.02,0.0007135212272564957,960
2025-01-14,10:07,OPTT,vwap_pullback,28.14,0.004304047749693807,64
2025-09-10,10:26,BE,ema_bounce,64.55,0.0009306654257794676,555
2026-09-29,09:52,AVX,pm_high_break,7.015,0.03558718861209964,3
2026-06-29,13:03,KUST,vwap_pullback,13.32,0.00754716981132076,103
2024-10-30,09:53,EXTR,orb15,16.97,0.0017673048600882228,204
2026-08-25,10:27,RZLV,pm_high_break,2.9572,0.00340715502555359,86
2024-10-15,09:58,ERIC,pm_high_break,8.39,0.0011954572624028438,293
2025-08-11,13:32,CGC,bull_flag,1.565,0.00647249190938512,10
2026-07-09,11:31,MULL,vwap_pullback,27.9091,0.0014347202295552062,227
2026-04-29,10:20,WERN,ema_bounce,36.91,0.0055627070552444185,2
2026-04-20,13:54,CATX,afternoon_hod,4.65,0.0021574973031283254,40
2026-01-05,09:38,KOS,orb5,1.125,0.009049773755656116,26
2025-08-18,11:22,RENX,failed_breakdown,25.64,0.007843137254901968,11
2024-10-15,15:30,YANG,eod_squeeze,78.32,0.0025542784163473274,52
2025-04-24,09:46,SOXL,orb15,11.1601,0.0008980691513246328,969
2025-07-17,11:09,SRPT,ema_bounce,22.145,0.0020350225114331294,10
2026-03-06,10:20,AIFF,ema_bounce,2.0499,0.0049140049140050275,133
2026-08-21,10:44,USDE,ema_bounce,5.39,0.0036968576709795883,53
2026-07-21,11:03,AMA,ema_bounce,34.34,0.00407569141193597,4
2025-06-23,12:21,AGIG,bull_flag,23.41,0.010309278350515396,45
2025-10-01,13:02,ASTX,afternoon_hod,34.355,0.0029103608847495435,135
2026-01-05,10:38,INVZ,hod_break,1.125,0.009049773755656116,1
2026-09-14,10:36,SOXS,failed_breakdown,51.46,0.00019483682415972743,997
2026-09-03,10:10,HOOG,ema_bounce,37.72,0.003703703703703719,285
2024-11-06,11:04,DJTWW,failed_breakdown,27.66,0.008679927667269383,60
2025-11-25,10:33,KSS,vwap_pullback,20.84,0.0009615384615384412,287
2026-08-19,12:12,HYNX,ema_bounce,22.4,0.0022306491188936297,121
2025-02-19,10:47,EDIT,ema_bounce,2.13,0.004750593824227927,135
2025-09-17,12:00,GPUS,ema_bounce,2.047,0.0007404664938910698,4
2026-08-21,13:41,CYPH,ema_bounce,1.3505,,0
2025-10-21,10:44,RYOJ,ema_bounce,5.3906,0.0037453183520598453,15
2025-12-11,10:13,GEMI,ema_bounce,12.33,0.0036557368661670163,16
2025-10-07,10:42,TMQ,failed_breakdown,6.718,0.0015003750937734113,354
2025-05-07,12:45,PSNL,vwap_pullback,4.59,0.004366812227074143,40
2025-02-21,09:45,BABX,orb5,44.37,0.002028626169277501,596
2024-12-20,10:13,TE,vwap_pullback,2.205,0.004576659038901504,13
2026-09-23,11:20,WOR,ema_bounce,61.34,0.004319976688206566,20
2026-01-22,10:09,ROLR,failed_breakdown,9.3392,0.012889366272824837,7
2026-03-23,10:14,RETL,ema_bounce,7.58,0.0013236267372600645,484
2025-10-23,09:46,HOS,orb5,7.97,0.003795066413662271,48
2026-01-06,12:03,ARVN,failed_breakdown,11.79,0.005097706032285514,36
2025-02-21,10:51,INOD,ema_bounce,69.24,0.004121030706998868,18
2025-05-09,10:11,MCHP,ema_bounce,55.9,0.0005377789728420549,384
2025-08-12,13:10,SBGI,afternoon_hod,15.075,0.0006642311524410353,1
2025-03-20,10:47,LFWD,bull_flag,22.11,0.02162162162162164,55
2026-09-02,11:16,GTLB,bull_flag,53.23,0.0005641748942172288,183
2026-09-02,10:19,ALMS,ema_bounce,10.59,0.003759398496240688,79
2026-07-08,11:06,BZH,vwap_pullback,31.42,0.004773269689737424,1
2025-05-23,10:50,EU,hod_break,1.99,0.005089058524173033,96
2025-06-24,09:37,QNTM,orb5,27.55,0.029556650246305372,17
2024-11-18,10:25,INOD,ema_bounce,43.57,0.004492888608707104,40
2025-02-12,12:24,PROP,vwap_pullback,10.1002,0.018671304912246847,2
2025-05-01,10:12,GH,bull_flag,49.34,0.0024390243902438504,36
2026-02-09,10:32,MNTS,failed_breakdown,7.35,0.002728512960436504,117
2024-10-28,10:22,MNSO,ema_bounce,19.27,0.0005196154845415206,23
2026-09-22,14:42,IMCC,ema_bounce,4.355,0.006920415224913348,7
2026-09-08,10:30,INTW,orb5,24.26,0.0008278145695365532,663
2025-05-21,10:43,AIRS,hod_break,4.35,0.018604651162790715,19
2026-08-04,10:16,AMRC,bull_flag,29.7,0.007086215623418165,50
2026-09-01,12:32,SKYQ,ema_bounce,2.81,0.00714285714285715,40
2024-12-17,10:14,RR,ema_bounce,1.2,,0
2026-06-24,12:30,KORU,ema_bounce,37.25,0.004910472854015903,86
2026-02-27,11:02,NFXL,vwap_pullback,28.64,0.0006995452955579967,227
2025-05-06,11:17,HRTX,bull_flag,2.52,0.003992015968063787,30
2026-03-30,10:20,GLND,ema_bounce,11.565,0.005167958656330792,27
2025-05-27,10:28,ZYBT,ema_bounce,9.12,0.009884678747940676,1
2025-04-07,09:36,VIXY,orb5,81.56,0.0018460402436772073,1000
2025-01-07,11:24,ENVX,ema_bounce,15.47,0.0006474587245062989,313
2024-11-13,12:06,HNST,vwap_pullback,6.1399,0.001632653061224455,86
2025-05-06,10:25,SEDG,failed_breakdown,14.9,0.002018163471241247,41
2026-01-14,10:01,KSCP,vwap_pullback,4.48,,0
2026-03-09,10:08,RGNX,vwap_pullback,10.48,0.005758157389635194,43
2026-07-30,11:54,LABX,ema_bounce,11.8,0.0059549128030624,3
2025-02-05,10:01,CRTO,orb15,47.06,0.010437746298860259,21
2026-04-23,10:28,GSHD,failed_breakdown,51.995,,0
2025-06-04,10:02,ZLAB,orb15,35.96,0.002367862626253145,22
2025-05-19,11:02,CHAI,vwap_pullback,12.98,0.006097560975609761,235
2026-05-04,13:39,OUST,ema_bounce,28.3286,0.002119392440833582,76
2026-04-29,10:39,BEX,vwap_pullback,62.85,0.009088734752451571,172
2026-02-12,10:11,CGNX,ema_bounce,59.0199,0.0022065687855384107,35
2024-10-18,10:28,CQQQ,ema_bounce,41.62,0.0038544928932788165,4
2026-05-28,10:52,ASTC,failed_breakdown,20.67,0.006064369733085205,30
2025-01-21,10:52,VSAT,hod_break,11.28,0.002670226969292333,194
2026-07-22,09:46,SMCI,orb15,30.8,0.00032557382386449654,976
2026-08-06,12:42,QBTZ,ema_bounce,16.65,0.0030075187969925503,207
2026-02-23,10:10,IBRX,ema_bounce,10.785,0.0009306654257794124,465
2025-11-26,09:36,BQ,orb5,2.12,0.02128851540616243,24
2026-06-25,11:48,SNDG,failed_breakdown,26.54,0.001884303749764355,103
2025-05-23,12:18,OKLO,bull_flag,49.3501,0.001629991850040715,167
2025-09-10,10:10,IMRX,ema_bounce,8.1498,0.0061538461538462414,18
2025-09-05,14:02,OPEN,afternoon_hod,6.795,0.0014716703458424998,666
2025-01-30,10:05,CALX,bull_flag,41.46,0.00483909992741357,18
2026-07-31,11:16,AXTI,failed_breakdown,59.2306,0.0034002040122407826,169
2026-08-10,09:49,AQST,orb15,4.585,0.002190580503833664,327
2026-08-05,15:46,SPCG,eod_squeeze,35.6,0.0028129395218003217,46
2026-04-21,10:14,LABX,pm_high_break,7.436,0.0031510240828269316,75
2025-01-21,13:07,SMR,afternoon_hod,25.3082,0.00297528532593611,30
2026-08-06,10:13,HTZ,ema_bounce,1.735,0.0058309037900874695,48
2026-01-07,11:14,GPUS,vwap_pullback,1.65,0.0015320505309080433,8
2024-11-08,14:13,SEZL,afternoon_hod,75.52,0.01862346378647477,1
2025-02-14,10:57,FROG,ema_bounce,40.37,0.0009913258983890744,115
2026-07-15,11:32,PYPL,vwap_pullback,55.0,0.00018209960848593492,915
2026-01-02,10:01,NEBX,bull_flag,10.64,0.004999999999999893,102
2026-07-13,13:52,GFUZ,failed_breakdown,11.2313,0.054054054054054015,2
2025-08-14,11:02,CDXS,ema_bounce,3.65,0.005509641873278242,11
2026-06-16,09:48,PURR,pm_high_break,10.76,0.0018604651162790302,200
2026-01-20,11:19,NUAI,bull_flag,5.79,0.0034722222222221483,101
2025-07-02,10:34,DQ,ema_bounce,17.61,0.003987467957846783,17
2026-04-10,11:03,NAK,failed_breakdown,1.785,0.005665722379603404,32
2025-12-18,11:23,MSOX,vwap_pullback,11.2801,0.006197432492253235,46
2026-07-22,09:57,ARWR,orb15,90.86,0.0031922505366282355,41
2025-11-24,09:55,HSAI,hod_break,17.68,0.001703093954016326,131
2025-06-26,11:08,BLNE,ema_bounce,1.57,,0
2025-07-02,10:32,TSLL,ema_bounce,11.39,0.0008791208791210166,867
2025-03-24,13:02,TNXP,failed_breakdown,29.3036,0.008387408633494006,10
2026-03-25,10:16,SHNY,failed_breakdown,13.0197,0.0007695267410542352,102
2026-06-25,13:26,EHGO,ema_bounce,4.47,0.011325028312570942,6
2026-06-23,10:29,ICCM,vwap_pullback,6.66,0.010662604722010572,12
2026-03-03,10:30,OUST,failed_breakdown,21.135,0.005679129200189351,75
2026-03-20,13:07,CDNL,vwap_pullback,35.045,0.01573001573001585,3
2026-07-06,10:15,TDIC,ema_bounce,6.28,0.015999999999999945,25
2026-08-27,10:00,NVDX,vwap_pullback,20.38,0.0004917629702484172,931
2024-11-12,15:30,TSHA,eod_squeeze,2.395,0.004228329809725256,130
2025-02-13,09:36,DOMH,orb5,8.63,0.006968725718725673,256
2026-02-03,13:39,PLTG,vwap_pullback,20.02,0.0035096515417397988,193
2026-08-18,13:38,SNDQ,afternoon_hod,14.73,0.0006800408024482532,163
2026-09-14,10:06,SKYQ,bull_flag,3.56,0.002797202797202862,234
2025-08-04,13:03,VISN,afternoon_hod,14.885,0.0006718172657037142,312
2026-02-18,10:10,RENX,vwap_pullback,3.886,0.005040322580645166,358
2026-01-27,09:39,PURR,orb5,4.3399,0.009280742459396758,61
2026-02-03,10:09,SHNY,hod_break,18.03,0.003973028174925201,115
2024-11-18,10:10,TSLR,orb15,33.3999,0.0008986071589037333,742
2025-09-15,14:32,LDI,ema_bounce,4.585,0.002190580503833664,1
2025-11-12,10:09,ONON,vwap_pullback,43.46,0.00046136101499414116,213
2025-11-26,10:11,WOOF,bull_flag,3.435,0.0029197080291971478,60
2026-07-28,10:04,DAMD,vwap_pullback,20.26,0.0049382716049381666,183
2026-03-06,10:38,MOBX,failed_breakdown,9.603,0.0009389181576339386,63
2026-10-06,12:36,BRUN,vwap_pullback,15.525,0.0032247662044501088,15
2024-10-16,11:10,RANI,ema_bounce,2.71,0.011257035647279643,15
2025-06-23,12:43,CRMD,failed_breakdown,16.11,0.0024844720496896085,75
2025-08-20,12:21,TRIB,ema_bounce,54.38,0.005540166204986154,93
2025-01-30,15:30,ACMR,eod_squeeze,21.0331,0.0014282313734825583,6
2026-05-28,10:10,PUSA,ema_bounce,4.56,0.002214839424141703,119
2026-07-13,11:32,SKYQ,ema_bounce,4.0086,0.002509410288582241,6
2026-03-19,10:18,CRCD,orb15,4.6196,0.002171552660152155,391
2026-08-18,10:48,XOS,ema_bounce,4.335,0.0022805017103762343,712
2026-03-09,15:30,KC,eod_squeeze,14.4,0.0013908205841447394,12
2025-10-13,09:57,UAMY,pm_high_break,14.9213,0.002014098690835808,543
2026-02-12,10:03,CGNX,vwap_pullback,58.44,0.0022331014343382727,45
2026-06-24,10:57,INMD,ema_bounce,14.7793,0.0006777363605557294,1
2024-10-29,10:29,LAC,vwap_pullback,4.82,0.002085505735140727,60
2026-08-21,09:56,BRNX,orb15,3.9162,0.007722007722007672,62
2026-08-26,10:37,NUWE,ema_bounce,1.055,0.009661835748792277,4
2026-05-20,15:30,INTW,vwap_pullback,40.04,0.0030528643967478214,46
2024-10-15,10:24,SCO,failed_breakdown,73.33,0.0005462988254574166,267
2025-07-28,10:00,INMB,vwap_pullback,3.041,0.0033167495854063787,25
2024-12-02,10:49,PTCT,ema_bounce,50.67,0.0033593518427031833,131
2026-08-24,10:00,LITZ,vwap_pullback,41.9,0.0019065776930409508,312
2025-05-07,09:38,LIVN,orb5,42.87,0.0029298079846172436,60
2024-11-14,10:28,QUBT,ema_bounce,3.7898,0.0026631158455392243,323
2024-10-23,10:02,FVRR,vwap_pullback,22.9,0.0034980323567993816,10
2026-07-27,10:19,TRAX,failed_breakdown,42.975,,0
2026-03-12,11:25,ATPC,ema_bounce,5.85,0.005115089514066538,82
2025-01-13,10:04,OPCH,failed_breakdown,26.57,0.0015100037750095394,115
2025-06-13,11:07,CGTL,vwap_pullback,32.59,0.013986013986014102,4
2025-09-10,10:02,AVGX,orb15,58.59,0.0013686911890505628,1000
2025-10-29,10:47,PUMP,hod_break,9.8184,0.0010188487009678844,326
2026-04-21,10:23,SLNH,failed_breakdown,1.4625,0.006920415224913502,45
2024-12-31,12:42,FNUC,bull_flag,13.8,0.009389671361502356,40
2026-09-21,10:29,INTW,bull_flag,32.31,0.0009303768026050904,409
2025-07-31,11:45,MDXG,vwap_pullback,7.64,0.0026246719160104427,2
2026-05-18,10:17,CMPS,ema_bounce,10.955,0.0018281535648994127,68
2025-05-20,12:54,AS,vwap_pullback,37.065,0.0013500742540840899,29
2025-08-01,10:00,RKT,vwap_pullback,16.57,0.0006044122091267188,798
2025-04-16,10:18,SBSW,ema_bounce,4.905,0.002047082906857684,23
2025-07-30,10:03,HAPN,failed_breakdown,15.52,0.002574003639879724,76
2026-06-11,11:03,CPNG,vwap_pullback,16.525,0.0006051437216339826,411
2024-10-15,10:22,YANG,ema_bounce,74.11,0.0027063599458728633,107
2026-06-23,10:18,YMAT,vwap_pullback,3.276,0.014468216099738286,21
2025-05-29,10:40,AI,vwap_pullback,29.295,0.0006809669731017901,623
2026-06-29,11:52,INLF,ema_bounce,13.4,0.0029940119760479902,70
2025-09-26,10:12,GPUS,vwap_pullback,2.115,0.00023869196801525,10
2024-10-28,12:33,DJTWW,bull_flag,35.19,0.003125443955107243,89
2024-11-25,09:58,SRRK,failed_breakdown,38.12,0.0005254860746191048,331
2026-05-12,09:36,AMBQ,orb5,54.89,0.00708768741481146,106
2025-08-25,12:36,MRM,failed_breakdown,1.985,0.0050377833753148665,86
2026-09-16,10:22,CIFG,bull_flag,4.24,0.0023724792408065924,163
2025-01-15,10:32,WOLF,bull_flag,5.84,0.0017226528854435465,227
2024-12-12,10:38,UAMY,ema_bounce,1.7482,0.0058309037900874695,23
2025-10-13,09:58,NVA,orb5,6.686,0.013754719397527683,10
2025-01-27,10:08,EVER,vwap_pullback,20.72,0.008699855002416611,19
2026-07-07,10:21,EDHL,ema_bounce,5.05,0.01992031872509971,38
2025-05-07,10:24,NBIS,vwap_pullback,27.22,0.0011039558417663712,143
2026-04-15,12:03,OKLL,bull_flag,49.41,0.0010116337885685165,137
2025-08-25,13:26,MSTZ,ema_bounce,4.8699,0.002063983488132051,57
2025-07-31,09:39,METU,pm_high_break,50.02,0.0012009607686149374,1000
2025-03-06,09:37,MSTZ,orb5,17.82,0.001122334455667765,972
2025-07-01,10:53,TSLQ,failed_breakdown,61.62,0.0004874482086277363,963
2026-02-25,09:37,CAVA,orb5,81.255,0.002341198940299399,272
2025-11-20,10:27,LABX,ema_bounce,7.665,0.006540222367560474,37
2026-04-30,10:00,XRX,orb5,2.1099,0.004796163069544263,70
2025-07-29,13:42,UAVS,vwap_pullback,2.5401,0.003960396039603876,22
2024-11-27,10:00,YINN,vwap_pullback,28.0045,0.0007155635062611654,68
2025-05-02,10:04,CART,vwap_pullback,44.815,0.003015574271527031,58
2024-11-15,10:25,CENX,ema_bounce,24.11,0.0016614746303348729,28
2024-10-28,10:04,LTBR,vwap_pullback,8.8088,0.006849315068493005,28
2026-05-29,13:24,PD,afternoon_hod,9.815,0.001019887812340621,27
2025-06-11,11:18,RGTI,bull_flag,13.05,0.000765403750478361,414
2026-07-30,10:56,SXTC,vwap_pullback,6.412,0.00873362445414855,63
2024-11-07,10:26,YINN,hod_break,37.8895,0.00026437541308653033,315
2026-07-17,09:37,SPCQ,pm_high_break,23.68,0.002105706464518876,557
2025-12-15,10:03,FSLY,vwap_pullback,10.7,0.0009376465072667405,110
2025-11-04,14:02,RGTZ,afternoon_hod,77.34,0.0006482982171798889,214
2025-01-03,11:01,NUS,orb15,8.195,0.00244200244200239,118
2025-08-05,11:25,XMTR,hod_break,44.29,0.0045146726862301525,44
2025-03-24,09:58,ARQQ,bull_flag,20.37,0.015350334241148912,5
2025-07-09,11:59,SBET,failed_breakdown,17.23,0.0011648223645893752,142
2025-04-09,09:36,NUGT,orb5,56.0024,0.0012467717517143163,401
2025-03-21,14:49,LAZR,afternoon_hod,8.241,0.002436053593179214,50
2026-04-15,09:36,IONX,orb5,36.56,0.0035729009207091534,999
2026-04-15,10:27,ROBN,bull_flag,25.54,0.0019642506383814855,163
2026-01-26,11:20,OPTT,vwap_pullback,19.46,0.0007769404086707418,106
2025-07-09,11:25,PCSA,bull_flag,6.52,0.009673050880247641,28
2026-02-19,10:01,JZXN,vwap_pullback,1.525,0.006600660066006606,12
2025-08-14,11:28,CDXS,vwap_pullback,3.585,0.002797202797202862,47
2026-06-03,11:05,NN,failed_breakdown,21.7,0.004154165705054228,23
2026-05-18,09:52,DXYZ,orb15,54.58,0.004030042132258765,63
2026-05-08,12:27,IRE,failed_breakdown,35.3,0.0017162471395881656,377
2026-09-29,09:46,AVAT,pm_high_break,2.06,0.01730839750641738,2
2025-10-06,13:06,EOSE,failed_breakdown,13.98,0.000715051841258476,318
2025-11-11,11:41,RGTZ,bull_flag,98.5,0.0015255530129672586,357
2025-10-31,10:19,DPU,bull_flag,3.65,0.0054945054945055,4
2024-11-12,10:49,SDGR,failed_breakdown,22.2244,0.006320541760722374,40
2026-02-13,10:23,RIVN,failed_breakdown,16.98,0.0005887547836324999,733
2025-08-13,11:26,ECG,failed_breakdown,81.3648,0.007141977588966854,4
2025-01-17,12:15,PRZO,failed_breakdown,2.1908,0.004597701149425394,11
2025-01-17,14:15,KOLD,afternoon_hod,32.32,0.0006197706848467037,547
2026-03-06,12:33,UVXY,vwap_pullback,50.13,0.001599360255897749,663
2025-04-22,11:51,ATKR,vwap_pullback,61.39,0.0032679738562090806,9
2024-12-16,14:25,IMMR,failed_breakdown,9.655,0.001037882719252702,4
2026-01-02,09:44,SLS,pm_high_break,4.59,0.00437636761487975,159
2025-10-16,10:40,SLNH,ema_bounce,4.805,0.00626959247648908,4
2025-08-19,10:02,TH,failed_breakdown,8.5906,0.008172796263864598,7
2025-10-31,10:34,MSAI,ema_bounce,80.72,0.0049875311720697195,282
2024-11-11,10:03,CONL,vwap_pullback,61.55,0.001143137094798731,1000
2025-06-02,13:56,KYMR,afternoon_hod,42.94,0.005480097762325123,2
2025-07-30,10:41,CAPR,ema_bounce,7.995,0.0037712130735385744,31
2024-11-15,11:33,RLX,vwap_pullback,1.725,0.0058997050147492685,37
2025-06-16,10:01,ROKU,failed_breakdown,82.05,0.0041412911084042535,62
2026-03-25,10:49,CGNT,vwap_pullback,9.07,0.005518765477746388,12
2026-07-10,10:28,CRCA,failed_breakdown,14.645,0.0041152263374484715,115
2025-04-23,10:08,PEGA,pm_high_break,45.5,0.0023129026928796516,5
2025-04-25,09:41,SES,orb5,1.1906,0.00851063829787235,234
2025-02-06,11:51,APPS,ema_bounce,4.645,0.0021574973031283254,298
2025-09-05,10:00,LAWR,bull_flag,2.4591,,0
2025-06-25,10:19,IBO,ema_bounce,13.14,0.009661835748792277,6
2025-03-12,12:20,PTIR,ema_bounce,8.949,0.0017949293246579095,271
2025-05-27,09:49,HERE,orb15,7.305,0.004118050789293102,55
2026-07-17,10:14,BIYA,ema_bounce,4.5617,0.0044345898004433644,185
2025-02-07,10:56,CLSK,vwap_pullback,11.94,0.0008399832003359753,873
2026-09-01,11:35,GDXD,vwap_pullback,18.38,0.0021798365122617275,219
2025-09-03,10:11,AAPU,ema_bounce,28.41,0.0003526714865102455,785
2025-07-14,12:17,SQNS,bull_flag,53.9,0.0037174721189590287,10
2024-11-05,11:31,EVER,bull_flag,18.3927,0.005452562704471179,21
2026-06-11,11:43,AMA,bull_flag,34.05,0.0034975225881666403,104
2024-11-11,10:35,CAN,vwap_pullback,1.73,0.0058309037900874695,118
2026-01-13,10:53,KELYA,ema_bounce,10.02,0.002995506739890101,14
2026-01-14,11:10,ETHU,hod_break,69.52,0.0007186489399927728,1000
2025-01-28,10:44,PSIX,ema_bounce,37.76,0.007172449434902285,2
2026-09-04,11:01,CRCD,ema_bounce,1.82,0.005540166204986154,67
2024-11-08,11:44,BILL,ema_bounce,76.11,0.0030899729083735516,8
2025-02-25,09:51,BTCZ,pm_high_break,6.33,0.0015860428231561914,453
2024-12-23,11:05,QUBT,vwap_pullback,18.5164,0.002185792349726729,142
2026-06-22,09:37,SOLT,orb5,33.7729,0.002369668246445447,317
2025-11-19,10:19,FULC,ema_bounce,11.74,0.00256081946222801,68
2026-07-08,14:50,BBOT,ema_bounce,9.0,0.005558643690939291,25
2026-07-28,10:15,OPK,ema_bounce,1.62,0.006269592476489033,14
2026-09-22,12:30,VKTX,ema_bounce,39.9,0.0012482836100361292,233
2025-06-26,09:39,FUL,orb5,62.665,0.0049675506770291205,88
2025-07-17,11:26,DGXX,bull_flag,3.49,0.002877697841726557,24
2026-08-27,10:19,YJ,vwap_pullback,3.2801,,0
2026-06-04,10:47,NEXR,vwap_pullback,20.05,0.0053333333333332195,523
2025-05-28,10:24,LAES,failed_breakdown,3.7588,0.002670226969292333,28
2026-10-07,09:36,SMST,orb5,12.55,0.002393298763462396,266
2025-12-22,11:44,BEX,bull_flag,10.7956,0.004649000464899948,67
2026-04-24,10:09,FCHL,failed_breakdown,5.726,0.001577701814357059,9
2025-02-19,11:15,IONS,ema_bounce,32.99,0.0025786764132007386,6
2025-05-28,11:52,RKLX,ema_bounce,14.16,0.0028308563340411546,150
2025-02-10,10:20,GDXU,orb15,49.29,0.0014223305902672006,136
2025-12-16,10:38,CGNX,ema_bounce,36.66,0.0013659336156263968,9
2026-04-29,13:12,COCO,afternoon_hod,64.64,0.004830541488118462,34
2025-09-24,10:42,ZONE,bull_flag,2.4014,0.004210526315789384,34
2025-01-29,13:03,TNXP,ema_bounce,50.87,0.0029600394671927886,117
2025-08-01,10:14,RKT,ema_bounce,16.81,0.000596125186289214,706
2025-02-13,11:29,NTRB,failed_breakdown,7.7629,,0
2025-11-18,10:21,BSOL,orb5,18.45,0.001630877955966357,244
2026-10-07,10:01,MSTZ,vwap_pullback,2.6003,0.003868471953578254,111
2025-03-10,10:15,KAZR,ema_bounce,10.31,0.020619043671228878,2
2025-08-26,09:41,QCLS,orb5,7.59,0.0026315789473684965,49
2026-07-02,09:37,SOLT,orb5,39.55,0.0027816411682892762,258
2025-04-09,13:21,AU,failed_breakdown,36.0868,0.003315833103067075,48
2026-02-11,11:11,AEHR,ema_bounce,35.15,0.013376469130944903,2
2025-04-15,10:46,ERIC,vwap_pullback,8.085,0.0012399256044637054,610
2025-09-22,10:42,ARBE,vwap_pullback,1.93,0.0052493438320210025,22
2025-12-12,09:59,RLAY,bull_flag,8.31,0.006020469596628623,4
2026-07-01,11:30,SGRX,failed_breakdown,7.013,0.007168458781362013,29
2026-09-28,09:36,KOD,orb5,74.0101,0.003989270238668495,987
2026-07-28,10:13,MUZ,ema_bounce,16.53,0.0012099213551118918,583
2024-11-07,09:42,BROS,orb5,48.21,0.0020667567778601447,460
2026-02-19,10:02,RELY,bull_flag,17.0,0.0011757789535567064,973
2026-08-06,10:39,EVH,vwap_pullback,3.795,0.0026631158455392243,108
2026-01-13,10:38,OPCH,ema_bounce,35.05,0.0005720823798625864,81
2024-12-27,11:30,RGTIW,ema_bounce,7.72,0.0012995451591942542,132
2025-12-23,15:30,PLTM,eod_squeeze,22.04,0.00045444217223365426,81
2025-02-05,11:28,NOV,orb15,16.2206,0.000617856039542883,393
2025-10-09,11:05,TELO,failed_breakdown,1.98,0.005115089514066501,43
2026-09-14,10:27,CORD,failed_breakdown,3.295,0.0030534351145037517,177
2025-08-15,10:28,XNET,vwap_pullback,6.43,0.0015612802498048066,18
2026-03-04,10:16,MSTU,ema_bounce,60.39,0.0016570008285003788,613
2025-09-25,11:26,CONI,failed_breakdown,49.26,0.0022396416573348147,133
2025-05-19,10:06,RXST,vwap_pullback,15.97,0.004415011037527612,51
2025-06-03,10:28,SMR,failed_breakdown,33.615,0.0008924587237840588,152
2026-10-06,10:19,OKLL,ema_bounce,10.38,0.0019267822736032131,654
2026-07-23,10:00,NVCR,vwap_pullback,19.92,0.004012036108325068,166
2024-10-23,10:13,EWBC,ema_bounce,97.35,0.003696478077831394,46
2026-01-21,10:10,OPTX,ema_bounce,4.47,0.006688963210702397,33
2026-09-21,11:25,USDE,vwap_pullback,12.925,0.002324680356450938,76
2025-07-08,14:07,BTBT,ema_bounce,3.9501,0.0025412960609910514,3
2025-09-23,12:12,BETR,ema_bounce,68.09,0.007306539963325641,22
2024-10-24,09:48,TSLR,orb15,18.75,0.0010683760683760457,1000
2025-02-05,09:36,ASST,orb5,13.38,0.01652892561983474,62
2025-08-13,10:45,TGEN,ema_bounce,10.7,0.012304779933743565,35
2025-09-25,09:51,KOD,orb5,17.715,0.020361990950226214,35
2026-09-16,09:46,CIFG,orb5,4.04,0.004950495049504845,333
2026-03-16,10:00,ETHU,vwap_pullback,27.37,0.0007343492077872408,826
2025-10-21,10:17,HAL,ema_bounce,24.68,0.00040592652729862244,272
2025-08-04,11:28,BCRX,vwap_pullback,8.44,0.0011869436201780161,40
2025-05-23,15:30,URA,eod_squeeze,32.005,0.0003130380341210834,398
2026-08-18,09:47,SNDQ,orb15,13.91,0.0014378145219266407,994
2024-12-02,10:12,KULR,vwap_pullback,12.86,0.006230529595015582,112
2025-05-16,10:16,QUBT,hod_break,11.615,0.0008580008580008396,619
2026-02-02,15:50,BTCZ,eod_squeeze,5.025,0.0019980019980019555,206
2026-05-18,09:38,LUNL,orb5,40.47,0.007902210269872988,740
2025-02-14,10:16,PONY,ema_bounce,17.1345,0.007001166861143581,45
2026-05-06,12:22,VECO,vwap_pullback,60.19,0.004326123128119768,2
2024-10-17,13:05,TVGN,vwap_pullback,96.18,0.0051948051948052,377
2026-10-07,14:43,MI,vwap_pullback,1.66,0.0061162079510703425,39
2024-12-10,09:36,BYRN,orb5,20.9729,0.010954989283162679,13
2026-09-30,10:02,CBRZ,failed_breakdown,10.04,0.006006006006005878,36
2025-05-30,11:55,FRO,ema_bounce,18.28,0.0005477951246234764,48
2025-12-15,11:09,AMCI,vwap_pullback,6.7167,0.0015117157974300509,225
2025-10-23,10:16,SSL,ema_bounce,6.4502,0.0015540015540016587,105
2024-11-18,10:34,SMCX,failed_breakdown,46.33,0.004762935700368021,454
2024-12-12,10:05,CIEN,vwap_pullback,87.9,0.002562822046313064,78
2026-07-07,09:38,EDHL,orb5,4.835,0.039460020768432066,1
2025-06-06,11:22,TSLG,vwap_pullback,5.38,0.0018674136321196403,423
2025-10-27,10:31,RNA,ema_bounce,70.26,0.0001425415152161771,82
2025-11-26,13:01,ROBN,afternoon_hod,75.09,0.0018664178109585466,129
2025-11-14,12:44,CYPH,vwap_pullback,3.0399,0.0033167495854063787,162
2025-07-23,09:40,PLRZ,orb5,12.47,0.004962779156327659,597
2025-02-04,10:25,PTIR,vwap_pullback,15.63,0.002219850586979645,548
2025-08-18,10:08,KYIV,vwap_pullback,13.555,0.00888230940044419,9
2024-10-31,10:10,TWLO,vwap_pullback,82.15,0.0014616321559073123,100
2026-09-16,13:16,FTFT,failed_breakdown,6.995,0.00430107526881724,5
2025-04-11,09:57,ZLAB,orb15,29.7002,0.00525024725268425,10
2026-08-10,09:46,XHLD,orb5,3.78,0.005319148936170218,996
2025-08-18,11:58,NVOX,vwap_pullback,28.21,0.002836879432624053,15
2025-05-22,10:31,GTX,vwap_pullback,11.315,0.000885347498893454,17
2025-04-04,10:00,FAZ,vwap_pullback,70.91,0.0014114326040931245,930
2024-11-11,10:44,TSLR,ema_bounce,34.05,0.0008824827180468051,1000
2026-01-30,14:08,RHI,afternoon_hod,35.11,0.0005702879954375826,57
2025-04-28,10:38,WOLF,hod_break,4.19,0.0024183796856105896,453
2024-12-03,14:14,SHO,ema_bounce,11.91,0.0008406893652795113,40
2024-11-15,09:48,AA,orb15,44.35,0.0013547076089411216,309
2024-12-11,13:44,SFIX,bull_flag,6.96,0.001446131597975385,153
2024-11-19,10:12,VXX,vwap_pullback,47.52,0.0006317784563546622,928
2025-01-14,10:32,ARBE,ema_bounce,3.2512,0.003091190108191725,31
2025-12-04,09:36,ANGX,orb5,4.9,,0
2025-01-23,12:23,RVLV,vwap_pullback,33.02,0.004246284501061588,23
2026-08-26,11:32,CDTG,ema_bounce,1.2601,0.008032128514056231,9
2025-04-04,10:27,TSLZ,pm_high_break,90.34,0.002214839424141703,666
2026-09-24,09:39,GCTK,orb5,2.9782,0.006688963210702346,470
2026-01-27,10:16,RR,vwap_pullback,4.3984,0.002290950744558943,292
2024-12-18,10:55,SOUNW,bull_flag,15.3799,0.023699802501645783,13
2025-08-22,10:25,MNSO,ema_bounce,25.39,0.0003945551390807482,33
2026-02-10,09:37,NKTR,orb5,50.78,0.004127764127764005,123
2025-09-08,11:03,DUO,ema_bounce,4.44,0.009049773755656116,21
2025-05-09,15:30,LYFT,eod_squeeze,16.73,0.0005989817310570835,466
2026-02-18,11:02,SABR,vwap_pullback,1.2519,0.008097165991902843,37
2026-05-05,10:13,EWTX,vwap_pullback,38.915,0.005645368231973284,31
2025-06-13,11:54,SSL,vwap_pullback,5.425,0.001850138760406991,5
2026-08-27,10:23,CRMG,bull_flag,9.51,0.0010542962572482643,212
2024-11-12,10:01,GLBE,failed_breakdown,41.2125,0.0024313153415998403,45
2026-03-30,12:15,RZLV,bull_flag,2.705,0.0037243947858472204,44
2025-12-05,10:33,DNA,failed_breakdown,9.62,0.005211047420531416,3
2024-12-20,10:53,KC,ema_bounce,9.45,0.0010598834128245668,87
2026-09-15,10:10,TNON,ema_bounce,6.4295,0.004694861551177818,16
2025-12-17,13:33,CGC,failed_breakdown,1.975,0.005115089514066501,22
2025-03-14,09:36,PTIR,orb5,9.127,0.002192181220314296,633
2025-01-13,11:11,EONR,ema_bounce,1.1296,0.009132420091324207,12
2026-04-09,10:00,VEEE,vwap_pullback,11.02,0.006727211570803908,65
2025-01-16,10:08,RZLV,vwap_pullback,2.795,0.0035906642728905673,65
2026-04-30,09:54,LLYX,hod_break,16.75,0.0011968880909634693,49
2025-12-10,10:35,DBVT,ema_bounce,19.375,0.005428427323703428,4
2026-04-16,10:10,HIMZ,ema_bounce,32.955,0.00635497282266838,152
2025-06-11,11:33,ABCL,vwap_pullback,3.365,0.0029895366218236864,5
2026-07-01,10:45,SOXS,orb15,37.46,0.002670226969292333,824
2025-03-14,10:11,PTIR,ema_bounce,9.159,0.0015284398995597218,921
2026-04-01,10:33,WDCX,bull_flag,11.08,0.006027727546714975,40
2026-07-10,09:46,EQPT,orb15,18.475,0.0027078256160301736,153
2026-05-01,10:15,NWL,ema_bounce,4.54,0.002214839424141703,115
2025-01-08,10:27,ANGO,orb5,12.4235,0.0024262029923171158,238
2025-09-02,09:58,MUX,bull_flag,13.49,0.0037023324694556783,120
2026-03-31,09:41,NBIL,pm_high_break,9.51,0.002105263157894692,191
2025-10-13,11:16,AVGX,ema_bounce,55.02,0.002004555808656026,586
2025-02-07,11:03,AFRM,vwap_pullback,73.84,0.001898047722342741,93
2026-07-20,09:36,APLX,orb5,11.1,0.003603603603603527,380
2025-05-23,10:26,UROY,ema_bounce,2.315,0.004357298474945441,2
2024-11-07,10:07,UAA,bull_flag,11.245,0.0008916629514043501,117
2026-02-12,10:18,CROX,ema_bounce,99.63,0.0017084568614642653,55
2025-03-28,09:39,WRB,orb5,74.575,0.0016072863648540659,404
2026-09-17,12:03,AEHL,failed_breakdown,12.2748,0.02053388090349076,8
2025-07-02,09:49,TIL,orb15,24.04,0.011914775043023202,20
2025-01-06,10:02,SEDG,vwap_pullback,18.26,0.003024624700925263,68
2026-08-18,09:55,SOXS,bull_flag,44.1763,0.00022668026748267055,985
2025-09-16,12:24,WBTN,bull_flag,21.0,0.0014323227500597344,13
2026-02-26,09:47,IONQ,orb5,40.7435,0.0007388252678240126,995
2024-10-18,10:32,DRUG,ema_bounce,47.69,0.005666911533214464,37
2026-03-12,10:35,BATL,orb5,24.11,0.0033146883544017845,348
2026-08-20,11:23,WETO,failed_breakdown,30.0181,0.01918868877293374,25
2026-04-09,10:45,MVLL,orb15,12.6,0.0029181589070168307,34
2024-12-06,10:36,AISP,hod_break,3.46,0.0029112081513827616,24
2026-08-21,14:23,CCUP,failed_breakdown,26.34,0.003795066413662327,65
2024-11-29,12:20,RYM,failed_breakdown,57.09,,0
2026-04-29,09:50,COCO,orb15,61.055,0.007544694111858305,17
2026-06-25,10:25,TECH,vwap_pullback,70.38,0.00014231836618502675,42
2026-01-14,10:12,ETHU,ema_bounce,69.1604,0.0013051990428540848,1000
2025-12-30,09:43,CETX,orb5,32.85,0.0030441400304414704,947
2026-07-22,09:38,SMCIP,orb5,52.72,0.004178537511870824,679
2026-01-27,11:51,PURR,vwap_pullback,4.32,0.004662004662004562,2
2024-12-31,14:54,FNUC,ema_bounce,13.73,0.009478672985781998,2
2025-04-23,11:58,SMCX,failed_breakdown,55.18,0.0029059208136578947,206
2025-04-16,10:57,NVD,orb15,31.11,0.0006437077566784543,330
2024-11-06,13:59,TMCI,afternoon_hod,7.7439,0.0038834951456311003,5
2026-08-14,10:41,CYCU,failed_breakdown,5.866,0.0010952902519167894,45
2026-02-23,11:46,EZRA,bull_flag,9.204,0.0008710801393727263,42
2026-02-11,09:43,DIOD,orb5,78.575,0.013893314638965055,1
2026-02-12,10:17,MH,orb5,15.74,0.005082592121982216,15
2025-11-24,09:56,OSCR,orb15,16.77,0.0011911852293031314,982
2026-01-07,12:17,NMRA,vwap_pullback,2.3775,,0
2024-10-31,10:10,ATEC,vwap_pullback,7.97,0.0012539184952978903,206
2025-05-12,10:25,W,ema_bounce,39.885,0.0005032712632109494,100
2025-12-23,09:36,SLS,orb5,2.8945,0.0034662045060659384,193
2026-04-07,14:31,SSL,afternoon_hod,13.67,0.0007328691828508455,27
2026-08-12,10:09,IREX,bull_flag,16.84,0.002378121284185443,177
2026-07-01,10:28,MUZ,vwap_pullback,11.34,0.0017652250661959023,281
2026-08-10,09:38,ABCL,orb5,9.23,0.002173913043478408,994
2025-03-05,09:41,UAMY,orb5,1.43,0.007117437722419936,72
2026-08-13,09:41,AVAH,pm_high_break,10.475,0.0038387715930901295,339
2026-08-24,10:04,BTCT,orb5,1.79,0.0056980056980057035,633
2026-04-20,09:51,NKTR,orb15,100.96,0.0035735579415098542,188
2025-06-25,09:37,BMBL,orb5,6.46,0.0015491866769945448,578
2026-01-12,10:04,ANIP,pm_high_break,84.97,0.009236234458259338,2
2026-06-26,12:34,SDOT,ema_bounce,14.435,0.008572370590174797,693
2026-07-21,10:44,FWRD,ema_bounce,15.5675,0.006430868167202549,12
2026-06-17,09:51,QURE,orb15,45.525,0.00241731677837599,139
2025-06-05,09:52,STEX,pm_high_break,6.225,0.015898251192368783,23
2026-04-20,10:12,BATL,ema_bounce,3.3099,0.0030441400304414704,3
2026-04-22,10:26,MAS,vwap_pullback,75.02,0.0009348915024856147,154
2026-05-08,11:26,WEST,bull_flag,8.21,0.0012172854534388054,90
2025-02-05,10:24,GFF,bull_flag,82.31,0.006821780972103816,11
2026-07-21,13:05,WDCX,afternoon_hod,29.285,0.0017091095539224306,40
2025-03-20,09:55,COTY,failed_breakdown,5.73,0.0017528483786152123,47
2026-07-09,10:50,RKTO,failed_breakdown,1.0673,0.00956937799043063,16
2025-10-21,11:21,BYND,ema_bounce,65.95,0.004555808656036551,78
2025-05-23,11:16,VXX,failed_breakdown,58.18,0.0005167513564723304,495
2026-04-29,09:37,SNDU,pm_high_break,19.96,0.0059930081571499825,362
2026-02-24,10:54,IOVA,vwap_pullback,3.635,0.0027662517289073945,31
2025-10-09,11:14,TLRY,vwap_pullback,21.68,0.004618937644341702,32
2026-09-01,10:46,DDD,ema_bounce,3.425,0.0029368575624082907,5
2026-09-18,10:44,BHYP,hod_break,51.8,0.001741991677150942,114
2026-05-28,11:13,MEDS,ema_bounce,3.7748,0.013245033112582735,13
2025-09-05,11:14,HKPD,failed_breakdown,1.26,0.008097165991902843,3
2025-10-16,11:44,DGXX,vwap_pullback,3.7302,0.00539812049246012,20
2026-09-23,10:52,IONL,bull_flag,14.71,0.002722940776038184,305
2025-12-16,09:57,CGNX,orb15,37.06,0.002160410477990772,121
2026-03-09,10:23,XENE,ema_bounce,59.955,0.003674628361449789,2
2025-06-23,12:33,AGIG,vwap_pullback,22.6438,0.006821456793566731,18
2025-04-24,13:06,SOXL,afternoon_hod,12.065,0.000831600831600814,966
2026-08-12,11:37,AXTL,bull_flag,4.29,0.002344665885111322,55
2025-01-08,13:34,VIR,bull_flag,13.36,0.0014992503748125618,63
2026-08-19,10:57,MVLL,failed_breakdown,30.51,0.001963350785340272,404
2025-05-20,10:15,CHAI,ema_bounce,25.65,0.0031645569620253893,205
2026-06-05,10:13,SOXS,vwap_pullback,60.59,0.0016515276630883215,956
2025-03-14,10:55,DOCU,hod_break,87.6474,0.0013709585285045646,83
2025-06-03,10:32,JOBY,failed_breakdown,8.24,0.001215805471124594,133
2025-05-02,10:23,ADPT,ema_bounce,9.8222,0.005109862033725162,33
2026-09-03,10:31,NTSK,ema_bounce,14.38,0.0006975933031042753,167
2025-03-17,10:58,DXYZ,ema_bounce,39.46,,0
2026-04-15,15:00,GAME,ema_bounce,3.23,0.00922348248784753,3
2025-03-18,09:55,NIU,pm_high_break,3.868,0.010443864229765022,27
2025-04-09,12:54,YINN,ema_bounce,24.74,0.000809388911371897,135
2026-02-23,10:33,ETHD,ema_bounce,92.77,0.002159360829194589,396
2026-04-06,09:36,LWLG,orb5,8.7,0.0034582132564840756,202
2024-12-03,15:14,PRCH,vwap_pullback,5.2199,0.0019175455417065747,39
2025-09-26,09:59,CNSY,orb5,17.34,0.0014409229381332276,266
2025-08-26,10:19,AMUU,failed_breakdown,44.28,0.0013562386980109013,282
2025-02-18,10:32,OSCR,ema_bounce,16.09,0.0012445550715618901,46
2026-03-31,09:42,NEBX,pm_high_break,9.905,0.006112054329371807,189
2025-07-11,10:10,ZENA,ema_bounce,4.72,0.008492569002123149,19
2026-01-20,15:30,CRVS,eod_squeeze,19.7794,0.001008572869389792,145
2026-03-02,10:20,LASR,ema_bounce,64.1331,0.005555251488083766,16
2025-05-07,10:01,EYE,vwap_pullback,14.69,0.002044293015332154,92
2026-05-12,13:41,PACS,vwap_pullback,39.44,0.00202942668696089,24
2025-09-04,10:13,SHOE,ema_bounce,25.745,0.007779074290159443,4
2025-02-26,09:58,RCUS,failed_breakdown,10.61,0.004723665564477934,1
2026-04-30,11:21,CWH,hod_break,7.89,0.0012698412698412427,45
2025-04-03,11:29,VXX,vwap_pullback,58.48,0.0006843455945252207,1000
2025-07-09,09:41,BAK,orb5,3.71,0.0027063599458728633,21
2026-04-06,15:46,SPCE,eod_squeeze,3.055,0.0032948929159803066,56
2026-08-12,10:22,IREX,vwap_pullback,16.61,0.0030330603579011655,271
2025-01-30,10:38,ACMR,bull_flag,20.17,0.0034782608695652314,64
2025-02-06,12:06,SNDX,ema_bounce,16.0612,0.000623247117482179,1
2024-11-19,09:53,QUBT,orb5,2.675,0.0037523452157597697,252
2025-04-10,13:20,KROS,bull_flag,12.055,0.004154549231408451,1
2024-11-20,10:50,ZIM,vwap_pullback,29.52,0.0010185028008826205,53
2025-07-15,09:43,MP,orb5,57.12,0.0010520778537612182,712
2026-08-24,10:20,LITZ,bull_flag,41.94,0.000956480153036974,88
2026-05-05,10:20,FATE,orb5,2.2191,0.004535147392290152,296
2025-12-11,12:19,DXYZ,ema_bounce,34.9,0.002582866982350507,10
2025-03-04,10:15,NVDQ,ema_bounce,75.71,0.002642007926023839,985
2026-06-26,10:53,SOXS,vwap_pullback,41.26,0.0024242424242423726,975
2025-10-09,11:06,TMQ,vwap_pullback,6.725,0.0014914243102162248,51
2026-06-04,10:39,IREZ,ema_bounce,16.76,0.001793721973094132,501
2026-10-02,09:54,ARMG,pm_high_break,23.94,0.002929483155471868,225
2026-03-06,10:32,MVLL,bull_flag,7.382,0.004080707322602578,81
2025-07-11,12:09,BTCT,ema_bounce,4.3801,0.006857142857142711,1
2024-11-11,10:24,TSLT,ema_bounce,29.9,0.00033484011384569105,985
2026-04-28,12:01,ZSL,failed_breakdown,23.16,0.0004322455154528448,739
2025-07-03,10:16,SY,hod_break,3.91,0.012870012870012939,68
2026-03-25,14:46,CHNR,ema_bounce,5.22,,0
2024-11-20,12:09,QUBT,ema_bounce,3.2011,0.003139717425431644,72
2025-07-08,11:25,SRFM,ema_bounce,5.8199,0.0034602076124568277,45
2025-02-07,10:03,ULCC,vwap_pullback,9.3574,0.001067805659369972,162
2026-07-17,09:36,TECS,orb5,80.605,0.0029839612085042254,992
2025-10-15,09:44,BZAI,orb5,6.3677,0.0031695721077655246,184
2025-09-26,10:47,HYPD,failed_breakdown,9.065,0.02892102335928808,5
2024-12-23,12:01,PRZO,ema_bounce,2.02,,0
2025-10-09,09:46,SERV,pm_high_break,16.515,0.0011983223487117781,972
2024-10-24,10:00,TSLY,vwap_pullback,62.04,0.0008074283407347425,30
2025-09-25,10:13,GPRK,pm_high_break,7.17,0.0013976240391334433,2
2025-04-17,13:25,BGLC,vwap_pullback,2.83,,0
2026-08-26,10:26,TRUG,ema_bounce,6.419,,0
2025-12-04,10:10,PATH,ema_bounce,17.3,0.0005798782255727205,608
2025-09-17,09:40,WOLF,orb5,2.815,0.003552397868561203,240
2026-07-20,13:33,APLX,ema_bounce,10.96,0.002743484224965648,131
2026-04-28,09:37,SEGG,orb5,8.558,0.008298755186721999,94
2025-06-04,10:47,AGEN,bull_flag,5.855,0.009421476447042632,46
2025-08-20,10:00,HTZ,failed_breakdown,5.54,0.001803426510369664,451
2024-11-26,11:31,SKK,bull_flag,15.32,0.009814636237008473,2
2025-06-05,10:41,HKD,vwap_pullback,2.2,0.015966133075378836,4
2026-06-09,09:59,FCEL,bull_flag,19.44,0.001544401544401603,271
2025-07-10,10:14,MP,ema_bounce,46.695,0.0012801365478983392,744
2026-06-15,11:38,SDOT,vwap_pullback,22.65,0.03699673558215442,1
2024-11-05,09:52,PAYO,hod_break,9.78,0.0010251153254740941,239
2025-06-27,11:23,OKLO,bull_flag,58.5,0.0008544817568144434,301
2025-11-14,13:04,MSTZ,failed_breakdown,11.305,0.000886917960088673,584
2026-01-21,10:02,UNG,vwap_pullback,13.6483,0.0007339449541285551,562
2024-12-24,10:02,INVZ,vwap_pullback,1.8,0.005633802816901414,118
2025-07-29,10:01,SOFX,vwap_pullback,35.13,0.0028498147620405075,431
2024-10-28,09:54,KOLD,orb15,73.69,0.0012234078705906806,220
2024-12-18,13:52,SOUNW,afternoon_hod,16.16,0.02495321272613851,23
2025-11-26,10:17,URBN,orb15,78.055,0.001152294987516848,250
2026-07-24,12:32,JEM,vwap_pullback,5.79,,0
2026-04-06,09:58,SPCE,pm_high_break,2.9713,0.003384094754653058,55
2026-07-21,10:20,COHH,bull_flag,8.12,0.003715170278637692,103
2025-02-28,10:31,YANG,failed_breakdown,43.43,0.0006921213519437337,183
2026-01-06,10:03,INVZ,vwap_pullback,1.355,0.007490636704119857,309
2026-10-07,10:36,MI,failed_breakdown,1.5405,0.006557377049180334,26
2024-12-20,10:43,PSNL,hod_break,7.04,0.0056899004267425375,266
2025-08-14,10:07,BTCZ,failed_breakdown,2.7701,0.003629764065335676,28
2025-01-16,15:40,BBAI,eod_squeeze,4.145,0.0024242424242423726,49
2026-04-06,14:50,SPCE,afternoon_hod,3.045,0.003305785123966872,44
2026-02-23,09:40,IBRX,orb5,10.445,0.000965717044905822,436
2026-07-06,10:35,AXTX,hod_break,48.47,0.004954582989265112,99
2026-01-20,10:32,ACRS,ema_bounce,3.5099,,0
2025-08-01,09:37,CONI,orb5,50.68,0.003944773175542498,917
2025-12-04,11:11,AXGN,hod_break,33.92,0.007382253063635021,5
2026-05-05,10:24,EVER,ema_bounce,21.35,0.004222378606615054,19
2024-10-31,10:10,GPRE,ema_bounce,13.52,0.0014836795252225203,49
2026-06-05,10:09,MSOX,vwap_pullback,4.035,0.0024906600249065473,122
2026-04-21,10:05,UNHG,bull_flag,17.1,0.0005859947260475572,436
2025-03-20,12:27,LFWD,vwap_pullback,21.99,0.010928961748633888,3
2025-09-11,10:17,WLDS,ema_bounce,65.71,0.005464480874316944,89
2025-02-18,11:02,INOD,hod_break,60.005,0.002169016434470719,95
2024-12-16,13:35,LAES,bull_flag,3.12,0.0032414910858994447,245
2025-01-31,09:55,IRWD,failed_breakdown,2.425,0.004158004158004254,4
2024-11-04,11:43,GSAT,bull_flag,25.54,0.005934718100890213,149
2025-08-06,10:26,ZETA,vwap_pullback,19.9424,0.0010035122930255682,963
2025-04-22,09:42,ETHU,pm_high_break,27.54,0.0018132366273798987,1000
2025-12-30,11:02,CETX,ema_bounce,32.56,0.003072196620583652,122
2026-09-11,09:38,BEG,orb5,51.31,0.007378640776698941,176
2026-05-18,10:03,GCTS,vwap_pullback,2.355,0.004301075268817303,31
2026-07-23,10:15,UVIX,vwap_pullback,64.2,0.0025015634771732905,593
2025-07-14,10:39,VEON,ema_bounce,52.74,0.005031570473918551,2
2025-03-10,11:43,BTCZ,vwap_pullback,7.255,0.0013840830449827924,304
2026-07-14,11:38,SNDU,bull_flag,37.51,0.003213711837171865,352
2026-06-26,11:05,SNDQ,bull_flag,22.48,0.004454342984409705,150
2025-05-23,15:30,NXE,eod_squeeze,6.265,0.0016038492381715776,90
2025-09-26,09:48,AQST,orb15,6.06,0.0016570008285003788,205
2025-04-30,11:26,TSDD,failed_breakdown,35.22,0.0008526360665056454,430
2026-05-07,13:27,BLBD,failed_breakdown,74.31,0.004581592777253594,23
2026-08-06,12:03,HNST,vwap_pullback,5.5301,0.0018132366273798345,111
2026-06-30,10:02,PAVS,vwap_pullback,7.96,0.007537688442211117,14
2025-08-27,09:37,YANG,orb5,27.3,0.0003667705849990101,867
2026-03-10,10:12,DXST,ema_bounce,7.723,0.006746987951807377,259
2026-04-30,11:59,BIYA,failed_breakdown,21.53,0.009259259259259267,4
2025-04-25,10:40,SPHR,ema_bounce,28.59,0.006302521008403352,17
2025-11-18,10:39,MRVI,ema_bounce,3.505,0.0028694404591105395,4
2025-07-25,11:23,COUR,vwap_pullback,12.13,0.0008261049153242286,151
2025-11-26,11:33,CYPH,failed_breakdown,1.6223,0.006230529595015582,4
2026-08-10,10:00,VREX,vwap_pullback,18.441,0.0005430355688298432,7
2026-02-10,10:11,INFQ,vwap_pullback,12.6069,0.0055799123156636335,17
2025-10-07,09:40,DMRA,orb5,28.02,0.006118409213604524,999
2024-12-10,11:05,KRSA,hod_break,33.83,0.014598540145985462,10
2024-11-06,10:50,TSLT,failed_breakdown,20.41,0.0004907975460121723,952
2024-11-29,09:38,BOIL,pm_high_break,92.6,0.0010818998160771235,536
2025-04-03,11:08,SMST,orb15,80.69,0.0024906600249065473,509
2025-11-14,11:18,CVU,hod_break,2.37,0.021505376344086134,11
2025-08-26,11:25,PACK,bull_flag,5.975,0.005037783375314754,2
2026-03-05,10:11,TMDE,ema_bounce,2.8111,0.007194244604316552,53
2025-02-26,10:14,GTM,ema_bounce,11.22,0.000894054537326758,489
2025-08-27,10:12,VIR,failed_breakdown,5.0,0.004008016032064043,52
2025-02-26,10:47,GTM,orb15,11.59,0.0008639308855291393,329
2026-09-24,10:27,TSSI,vwap_pullback,10.06,0.005976095617529931,8
2025-10-07,13:39,APVO,afternoon_hod,34.26,0.0052493438320210025,26
2026-03-17,10:05,BW,bull_flag,13.52,0.002223045572434187,124
2026-09-04,09:43,TSLQ,orb5,19.42,0.0005158627805004676,933
2025-05-14,10:38,SMCX,ema_bounce,91.22,0.001974983565580101,450
2025-03-20,10:48,FIVE,orb15,81.67,0.002451280794215012,4
2025-11-19,10:08,CHR,bull_flag,8.36,0.005390835579514854,7
2025-04-09,10:33,YINN,failed_breakdown,24.64,0.00121926437715916,508
2026-07-10,10:11,YMAT,ema_bounce,2.2396,0.03428314681880409,2
2025-01-06,13:47,SEDG,failed_breakdown,17.4303,0.002298850574712799,19
2024-10-14,11:03,HIMS,vwap_pullback,20.5,0.0004884004884005647,184
2026-02-23,09:50,ETHD,orb15,93.89,0.0021461530207104074,599
2026-09-10,14:04,ZSL,afternoon_hod,24.82,0.0004036326942482972,723
2025-11-19,10:26,KZIA,ema_bounce,8.3,0.004813477737665575,128
2025-06-05,10:51,HKD,bull_flag,2.23,0.009029391382332566,4
2025-02-07,10:56,G,failed_breakdown,55.27,0.001992934142585369,15
2025-12-11,12:58,NXDR,ema_bounce,3.28,0.003072196620583652,23
2025-12-23,14:53,RADX,ema_bounce,5.47,,0
2025-12-16,11:14,CRCA,ema_bounce,45.02,0.0022197558268589983,74
2026-01-02,09:49,YINN,pm_high_break,46.86,0.00021374372127814495,299
2025-08-06,09:36,MYGN,orb5,5.45,0.0019102196752626144,877
2026-04-30,10:24,BIYA,vwap_pullback,23.84,0.004192872117400517,149
2025-04-08,11:20,AVL,failed_breakdown,15.24,0.0019743336623890186,326
2026-02-05,11:34,AMSC,ema_bounce,29.15,0.0048126503953248734,5
2025-08-21,10:13,SLQT,ema_bounce,2.525,0.003976143141153174,124
2025-01-16,10:16,DAN,ema_bounce,12.85,0.0015588464536242849,30
2024-10-24,10:25,CLS,bull_flag,66.98,0.0008960573476700725,589
2025-08-01,11:04,RDTL,hod_break,45.725,0.001972602739726102,904
2025-05-23,10:01,URA,pm_high_break,31.46,0.00031903014834906886,478
2024-11-07,10:12,BROS,hod_break,49.3,0.001820940819423294,266
2025-11-28,10:10,ORBS,ema_bounce,2.5937,,0
2026-06-15,13:34,WOLF,ema_bounce,49.08,0.0016329863237395039,11
2025-12-04,10:18,PLRZ,failed_breakdown,16.1499,0.0031104199066874466,38
2025-09-18,15:19,IVVD,vwap_pullback,1.262,,0
2026-06-30,14:15,ONDL,ema_bounce,8.88,0.0056338028169014885,19
2026-06-03,10:19,NVTS,ema_bounce,32.52,0.0006207324643077598,993
2025-02-03,09:48,TSDD,pm_high_break,34.635,0.0014448779078169126,1000
2025-10-08,10:20,PCSA,ema_bounce,12.66,0.0027651589966422216,19
2024-10-11,10:49,NRIX,ema_bounce,23.22,,0
2026-05-06,09:45,AMDL,orb5,49.83,0.0010035122930256751,998
2026-02-10,11:27,VSTS,failed_breakdown,8.91,0.0011242270938729385,71
2026-02-09,11:53,DT,ema_bounce,36.39,0.001101018442058881,15
2026-04-08,13:01,ELAB,vwap_pullback,49.02,0.0020429009193055517,84
2025-05-01,10:42,CRWV,orb15,47.77,0.0020986358866736917,157
2026-05-01,10:14,RDTL,ema_bounce,20.229,0.005464481211450102,76
2025-07-21,13:18,TDTH,bull_flag,59.19,0.005063291139240511,161
2026-08-10,14:05,SLN,failed_breakdown,15.265,0.005903574942604123,8
2026-02-10,11:11,PSNL,bull_flag,8.7898,0.007977207977208009,31
2025-07-23,10:16,HMC,orb15,34.1801,0.0002929544455836534,18
2026-09-18,13:30,SOLT,afternoon_hod,69.3,0.0017381228273463261,287
2025-04-10,11:00,VIXY,hod_break,74.21,0.001618559482061027,883
2026-01-29,11:28,MASK,ema_bounce,6.12,0.0219598094054278,14
2024-11-29,09:49,VYGR,orb5,6.7876,0.008823529411764779,53
2025-11-07,09:54,G,orb15,44.87,0.0013386880856760882,301
2024-10-29,09:37,RGTI,orb5,1.68,0.005970149253731349,425
2026-01-08,09:36,BEX,orb5,18.955,0.005249343832021072,580
2026-09-24,14:04,BEZ,failed_breakdown,6.06,0.0033167495854063787,10
2026-04-15,11:21,VSA,ema_bounce,10.27,0.009756097560975618,160
2026-04-21,10:54,NVTS,vwap_pullback,15.9528,0.0006291286568103043,377
2026-07-22,09:58,SMCI,bull_flag,31.3699,0.0003191319610659506,980
2026-03-13,10:18,MSTU,ema_bounce,58.5,0.0017137960582690294,384
2025-03-19,10:08,SVC,vwap_pullback,14.67,0.003418803418803498,45
2026-05-01,09:37,EGHT,orb5,2.24,0.004494382022471814,15
2026-09-03,10:50,HOOG,bull_flag,40.0,0.0024943876278374012,170
2026-07-15,10:03,LTRX,orb5,5.99,0.0033444816053512477,78
2025-03-06,14:49,ECPG,afternoon_hod,36.54,0.0019170204025742922,37
2025-05-23,10:19,UEC,ema_bounce,6.2006,0.0016168148746969562,122
2026-05-22,11:29,IMAX,ema_bounce,39.005,0.004883691042282424,30
2026-04-21,11:57,RDWU,vwap_pullback,12.72,0.00786782061368998,62
2025-08-01,10:14,UVXY,vwap_pullback,86.28,0.0005808887598023823,918
2026-03-27,10:01,RBNE,vwap_pullback,39.96,0.0037664783427496158,116
2025-11-14,10:08,TSDD,failed_breakdown,11.57,0.0008661758336943753,932
2024-12-12,10:58,BTDR,ema_bounce,23.29,0.0025850926324859423,120
2026-07-07,10:35,SSG,ema_bounce,14.21,0.001409443269908356,396
2026-06-29,11:45,RKLX,bull_flag,37.69,0.0025266506785527514,180
2026-01-08,09:36,UAVS,orb5,1.64,0.0060790273556231055,180
2025-07-03,09:37,TRIP,orb5,16.765,0.0035820895522389417,108
2026-04-17,11:04,SNAL,ema_bounce,4.469,0.008010379646866357,4
2025-11-28,09:46,IBRX,orb15,2.385,0.004175365344467552,380
2025-02-14,13:28,ELME,ema_bounce,17.38,0.0023001725129384214,176
2025-11-20,11:03,CRDU,vwap_pullback,13.95,0.008374946774354321,4
2025-01-16,13:22,BBAI,afternoon_hod,4.15,0.0024242424242423726,11
2025-02-06,12:37,APPS,vwap_pullback,4.315,0.00232288037166081,237
2025-02-06,10:29,RZLV,hod_break,2.9989,0.003372681281618965,90
2025-12-02,14:18,GPUS,ema_bounce,1.49,0.005442176870748266,1
2026-02-05,15:32,GDXD,eod_squeeze,55.58,0.001793721973094132,243
2026-04-24,12:12,PDFS,vwap_pullback,46.32,0.0019478411427335442,118
2026-08-12,10:22,NEBX,ema_bounce,30.3,0.003621399176954714,174
2025-07-31,11:01,TAL,vwap_pullback,11.045,0.0009062075215224093,115
2026-03-20,10:14,NSP,ema_bounce,25.44,0.01023219205037379,12
2026-07-21,10:51,RAM,ema_bounce,14.39,0.0006961364427427628,885
2025-06-23,09:55,WTI,failed_breakdown,2.2972,0.004395604395604302,4
2026-01-07,10:13,BEX,vwap_pullback,14.03,0.005026929982046699,232
2025-02-13,09:36,IRDM,orb5,31.55,0.00460552733906008,138
2025-11-25,11:01,ANF,ema_bounce,84.925,0.0016509433962264217,4
2026-09-11,09:59,BEG,bull_flag,51.85,0.005024161343128001,170
2025-03-06,13:25,TH,failed_breakdown,5.9,0.0034013605442176145,21
2025-06-25,12:04,BMBL,vwap_pullback,6.295,0.001596169193934523,24
2025-07-09,09:50,ALMU,orb15,17.18,0.021381103727246314,1
2025-12-26,15:30,PALL,eod_squeeze,35.01,0.0018291985823710598,3
2025-07-15,15:30,VNET,eod_squeeze,9.065,0.0011055831951356067,14
2026-06-25,12:47,WDCX,vwap_pullback,50.07,0.003199680063987205,126
2025-05-28,12:26,LVWR,vwap_pullback,3.85,0.0026143790849673804,54
2025-12-01,10:16,SMST,hod_break,87.07,0.0028776978417266188,513
2026-01-26,10:56,INMD,hod_break,15.915,0.001887385970430913,2
2026-04-01,10:50,NCNO,failed_breakdown,16.66,0.0018034265103695575,55
2025-08-06,12:27,PRCH,vwap_pullback,15.95,0.001256281407035149,202
2025-04-28,09:36,TMC,orb5,3.455,0.0029112081513827616,358
2025-11-05,14:24,APPS,failed_breakdown,7.15,0.0014015416958654222,92
2026-07-01,10:01,FBL,bull_flag,24.36,0.0012292562999385837,406
2024-10-22,11:41,LEGN,failed_breakdown,44.275,0.0045248868778279576,2
2025-01-28,10:34,BKSY,vwap_pullback,16.26,0.006165228113440066,69
2025-10-09,10:27,MRM,vwap_pullback,2.3607,0.004264392324093915,5
2026-03-09,13:04,RLMD,ema_bounce,6.3563,0.0031545741324920462,99
2024-12-10,09:37,KOLD,orb5,67.8,0.001182382500738964,73
2026-02-04,10:14,COLM,failed_breakdown,66.05,0.012357922038294337,33
2025-07-31,12:45,RDTL,vwap_pullback,30.69,0.003601244066132034,74
2026-09-10,10:11,SKYQ,ema_bounce,3.6194,0.002797202797202862,152
2025-03-06,10:10,VIXY,failed_breakdown,50.37,0.0013915117781532706,663
2026-06-05,10:32,MRLN,failed_breakdown,9.1,0.002212389380531123,139
2026-07-22,10:25,EFOR,vwap_pullback,20.8,0.003130615238792464,12
2024-12-30,11:34,CTM,vwap_pullback,2.4572,0.008230452674897127,54
2025-06-03,10:10,UUUU,ema_bounce,5.35,0.0018779342723004293,249
2025-07-21,10:15,ETHT,vwap_pullback,87.005,0.0017308025154328908,1000
2026-05-14,14:32,YETI,vwap_pullback,41.02,0.0012214486380848727,3
2025-10-21,10:49,TTI,failed_breakdown,7.53,0.0013324450366422101,24
2025-10-16,10:00,CRMG,vwap_pullback,13.1394,0.0030534351145037517,74
2026-09-04,10:13,BMNZ,ema_bounce,5.42,0.001857010213556135,205
2024-11-22,10:13,QBTS,ema_bounce,2.3,0.004357298474945441,274
2026-04-21,10:10,CLIK,ema_bounce,3.4,0.005934718100890213,17
2025-01-13,10:48,LAB,bull_flag,2.0693,0.004889975550122145,1
2025-03-19,09:56,SHOP,orb15,100.93,0.0012884682095247084,440
2026-06-05,10:35,MSOX,hod_break,4.25,0.002366863905325604,69
2025-09-18,09:36,CRWL,orb5,35.29,0.003957037874505386,307
2026-02-26,14:16,IONL,afternoon_hod,23.33,0.002578427159432844,118
2026-08-17,13:33,LUNL,vwap_pullback,7.56,0.0013271400132713717,70
2025-02-07,09:36,AFRM,orb5,74.24,0.001350803728218213,881
2025-07-08,10:40,CNSY,vwap_pullback,8.913,0.0025241901556582705,27
2024-12-03,13:53,PPTA,afternoon_hod,10.3499,0.0019379844961239896,3
2025-11-19,10:20,SBSW,orb15,11.97,0.0008378718056137233,200
2025-12-03,12:41,ARBE,ema_bounce,1.4799,0.006872852233676982,3
2025-07-18,11:38,KSCP,failed_breakdown,8.7207,,0
2026-01-12,10:04,ANIP,bull_flag,84.97,0.009236234458259338,2
2024-12-03,10:01,GPRK,vwap_pullback,11.26,0.005338078291814833,19
2026-04-14,10:33,IONX,ema_bounce,29.31,0.0027378507871321646,457
2026-07-16,10:12,CDNA,ema_bounce,36.95,0.004617683009642855,1
2026-04-16,10:06,MRLN,failed_breakdown,15.625,0.023710349247036154,3
2026-06-11,11:22,CPNG,hod_break,17.005,0.0005891016200295471,544
2025-12-26,10:09,SGML,vwap_pullback,14.22,0.003512469265893849,15
2026-03-25,10:00,BIAF,vwap_pullback,71.81,0.0020942408376964762,117
2026-03-19,15:39,HIMZ,eod_squeeze,32.63,0.00245022970903517,827
2025-11-24,10:12,BABX,vwap_pullback,43.88,0.0011416828405068423,259
2025-06-26,11:03,MVLL,orb15,8.283,0.0020214271275520806,220
2026-09-28,10:48,MX,vwap_pullback,3.9199,0.0025673940949935267,120
2025-02-20,10:01,CSTM,vwap_pullback,10.53,0.0019047619047618642,90
2025-07-15,11:33,OPEN,vwap_pullback,1.0552,0.009661835748792277,10
2025-10-20,10:30,DVLT,failed_breakdown,2.0998,0.0048192771084338455,6
2025-09-03,13:17,GGLL,afternoon_hod,57.78,0.0005197055002165637,226
2025-04-03,12:00,TSLZ,vwap_pullback,77.32,0.0025873221216041993,566
2025-05-23,13:17,URA,afternoon_hod,31.775,0.0003150102378327788,198
2025-03-17,10:11,LAZR,hod_break,6.2351,0.0032051282051281365,147
2026-06-03,10:47,ABVX,vwap_pullback,83.9802,0.0023826542768644607,32
2025-06-09,11:15,ORGO,bull_flag,3.535,0.0028694404591105395,63
2026-07-27,10:24,AGPU,vwap_pullback,7.4288,0.010781671159029659,7
2025-06-06,10:13,SPCE,orb15,3.6013,0.002781641168289355,56
2026-03-16,10:44,CING,ema_bounce,9.86,0.012133468149646028,3
2026-04-01,12:08,TH,vwap_pullback,12.655,0.005531410509679991,92
2025-04-23,10:17,UPXI,vwap_pullback,11.64,0.006825943535993098,56
2024-12-20,13:55,INVZ,vwap_pullback,1.215,0.008368200836820092,5
2025-07-07,09:40,CURR,orb5,1.5101,0.006779661016949158,169
2026-07-06,09:46,KORU,orb15,32.01,0.0033573201219071853,208
2026-05-04,10:29,OUST,failed_breakdown,28.35,0.002832861189801765,48
2026-09-03,10:17,AEHL,vwap_pullback,7.6847,0.003929273084479404,98
2025-08-21,10:00,SLQT,vwap_pullback,2.3986,0.004246284501061481,84
2025-05-22,10:32,PBI,ema_bounce,9.675,0.0010357327809424946,78
2025-12-04,10:35,FBL,ema_bounce,34.14,0.0005865102639295021,401
2025-07-07,10:02,NAK,vwap_pullback,1.741,0.005797101449275368,35
2026-07-27,09:36,VEEE,orb5,19.15,0.01966516077597667,204
2026-02-24,10:08,CLVT,vwap_pullback,2.2085,0.004576659038901504,33
2025-06-13,14:05,BNO,afternoon_hod,32.08,0.0003122560499609058,924
2025-02-06,10:33,HSAI,ema_bounce,17.13,0.0017610801291459428,42
2025-07-07,10:14,TSLQ,failed_breakdown,62.33,0.00048204386599188067,985
2024-12-19,11:43,PRTA,bull_flag,16.63,0.00300751879699231,31
2025-12-02,11:06,CLSX,failed_breakdown,35.36,0.005097706032285463,233
2026-05-11,11:04,MUU,vwap_pullback,30.35,0.0042263752228751655,108
2024-11-21,15:30,ETHE,eod_squeeze,28.33,0.00035366931918661586,997
2025-06-03,15:43,UEC,eod_squeeze,6.385,0.0015710919088766358,18
2026-01-23,10:41,SLM,failed_breakdown,28.17,0.0007109847138286375,146
2026-07-01,15:33,SOC,eod_squeeze,4.415,0.002270147559591325,89
2026-07-30,10:45,GCTK,failed_breakdown,5.516,0.006571741511500585,39
2026-05-04,10:21,CONL,hod_break,9.01,0.0011142061281336807,505
2024-12-24,10:49,IDAI,vwap_pullback,6.215,,0
2025-07-11,09:58,ETHT,hod_break,55.255,0.0016305824802971903,560
2025-10-03,10:11,PALI,ema_bounce,1.81,0.005602240896358548,43
2026-01-08,12:10,MLTX,ema_bounce,14.73,0.0020429009193053704,45
2026-04-30,10:22,NVCR,ema_bounce,14.72,0.0033978933061502353,230
2025-04-03,15:30,FAZ,eod_squeeze,63.07,0.0015885623510722457,211
2025-11-05,10:06,MNRO,bull_flag,17.66,,0
2026-09-29,09:40,IOVA,orb5,13.3639,0.0015003750937734113,980
2024-11-25,10:55,IMNM,failed_breakdown,10.92,0.011039558417663221,1
2026-09-16,10:11,CYPH,ema_bounce,2.51,0.004024144869215384,61
2025-08-12,10:33,GDOT,bull_flag,12.93,0.004261013645867599,14
2024-11-18,12:14,ERAS,ema_bounce,2.78,0.003616636528029017,1
2026-02-26,09:57,WWW,failed_breakdown,20.31,0.016276202219482214,8
2025-03-14,11:31,QMCO,failed_breakdown,16.29,0.0024509803921568107,3
2024-10-22,15:47,JNUG,eod_squeeze,60.12,0.000666333499916694,387
2025-05-13,10:27,OMER,bull_flag,4.225,0.002378121284185443,1
2025-10-13,10:06,KEEL,pm_high_break,5.008,0.0020060180541624445,171
2025-05-09,10:17,ETHU,vwap_pullback,54.13,0.0009275577404692914,656
2024-11-27,10:13,KODK,ema_bounce,7.273,0.0013821700069108205,54
2025-09-17,13:26,GPUS,afternoon_hod,2.119,0.00023812358614118108,28
2025-07-08,10:17,CHAI,bull_flag,20.01,0.0020020020020019595,10
2025-05-05,14:44,SHNY,afternoon_hod,7.545,0.0006639665360865434,61
2026-07-21,11:06,SNDG,ema_bounce,10.65,0.005655042412818143,57
2025-09-29,11:44,GPUS,vwap_pullback,2.608,0.0017369487600113883,12
2025-04-29,10:10,FOUR,ema_bounce,88.975,0.0020267987839208065,317
2025-12-10,10:32,BRZE,vwap_pullback,35.815,0.00489340371571699,20
2024-11-05,10:28,EVER,failed_breakdown,17.82,0.005636978579481277,34
2026-05-12,13:41,AMBQ,afternoon_hod,63.595,0.009261439447453158,14
2025-03-17,13:31,AEO,afternoon_hod,11.92,0.0008406893652795113,3
2025-10-02,10:10,ANGX,ema_bounce,9.1263,0.005479452054794599,2
2025-11-28,12:34,INV,vwap_pullback,5.67,,0
2026-05-04,10:11,CRCA,ema_bounce,51.265,0.006832601268911693,99
2025-04-24,15:30,PONY,eod_squeeze,7.48,0.0013342228152101116,84
2025-09-19,12:59,ORBS,vwap_pullback,13.3281,0.004491017964071893,2
2024-12-05,10:04,BTDR,failed_breakdown,18.22,0.001103752759381875,185
2026-07-15,10:23,JLHL,ema_bounce,8.74,0.028887746019583015,4
2024-11-13,10:47,HNST,ema_bounce,6.39,0.0015661707126076408,204
2026-07-15,10:12,PYPG,orb15,8.12,0.001236858379715496,476
2026-01-16,09:37,GEVX,orb5,11.08,0.003915073031170082,186
2024-12-09,10:22,YINN,vwap_pullback,36.02,0.00027797081306457297,876
2025-06-09,10:49,UAVS,ema_bounce,1.545,0.006557377049180334,82
2025-07-29,14:34,KNSA,vwap_pullback,30.325,0.002312138728323709,5
2025-02-12,09:39,UPST,orb5,87.3675,0.0016023806798672376,519
2025-08-27,10:15,ECHO,ema_bounce,57.15,0.00175192711983184,45
2024-10-22,11:00,JNUG,ema_bounce,60.0716,0.0005002084201750919,202
2025-02-20,11:39,AMPL,vwap_pullback,13.68,,0
2026-03-05,15:46,PDYN,eod_squeeze,9.92,0.0020181634712411276,104
2025-03-17,09:39,NIU,orb5,3.351,0.006006006006006011,41
2026-07-24,12:36,JEM,ema_bounce,5.895,0.010238907849829285,7
2026-05-21,09:47,NBIG,orb5,27.4,0.004750593824227991,223
2025-09-04,10:29,BYRN,vwap_pullback,21.345,0.0070372976776918676,1
2024-11-21,11:08,RGTI,failed_breakdown,1.4495,0.00701754385964913,3
2026-06-11,10:49,WNW,ema_bounce,3.83,,0
2025-05-02,11:45,SVV,vwap_pullback,10.46,0.0028749401054144097,19
2026-02-24,13:24,VIR,failed_breakdown,9.225,0.0010875475802066107,383
2026-04-06,12:02,RENX,bull_flag,2.555,0.003944773175542498,17
2026-02-10,11:11,MBOT,ema_bounce,2.0501,0.004889975550122145,15
2026-02-17,09:50,GDXD,orb15,41.49,0.00314275353559779,467
2025-03-18,10:45,NIU,vwap_pullback,3.99,0.002522068095838646,27
2026-09-29,10:14,XRPT,vwap_pullback,40.6,0.0022208513263418488,162
2026-10-05,10:34,RXO,failed_breakdown,28.56,0.0007012622720897466,45
2025-06-23,10:23,TMDE,failed_breakdown,2.2792,0.0044345898004433644,3
2026-01-23,10:10,BOIL,bull_flag,56.83,0.0003531696980399634,926
2026-03-17,09:53,ICHR,orb15,47.67,0.009462727368310437,29
2026-05-29,10:00,ASTN,vwap_pullback,17.11,0.002344665885111322,264
2025-10-09,11:40,DMRA,failed_breakdown,14.7,0.017771701982228286,17
2026-06-09,09:47,FCEL,orb5,19.29,0.001549186676994453,532
2026-01-07,10:27,COMP,failed_breakdown,11.46,0.0008737439930100294,821
2026-03-27,10:28,ADMA,bull_flag,9.51,0.0010531858873090874,136
2025-08-12,10:39,GDOT,ema_bounce,12.89,0.009324009324009263,2
2026-09-17,10:54,ARMG,ema_bounce,17.96,0.003340757238307278,83
2025-01-10,10:17,OPNW,vwap_pullback,27.34,0.0036563071297989872,93
2026-02-27,09:37,FIGS,orb5,15.45,0.001951219512195196,230
2025-02-21,10:05,EDIT,failed_breakdown,2.16,0.004662004662004562,140
2025-10-10,10:32,CRML,failed_breakdown,15.965,0.0012492192379762383,207
2026-08-31,10:31,DPRO,ema_bounce,5.215,0.0019175455417065747,178
2025-01-15,10:42,MGIH,vwap_pullback,2.08,0.019230769230769246,1
2026-04-27,14:22,LION,ema_bounce,12.13,0.0008240626287597681,241
2026-01-27,10:44,RR,hod_break,4.7233,0.0021186464452636732,366
2025-11-04,12:11,IHRT,bull_flag,3.735,0.00269905533063422,113
2026-04-10,15:34,OGN,eod_squeeze,8.875,0.00112930547713154,92
2025-01-30,11:42,AVL,vwap_pullback,29.43,0.0017003910899507128,124
2025-01-13,10:38,MYSE,orb5,5.7376,0.005231037489102049,343
2025-10-13,10:34,UUUU,vwap_pullback,24.54,0.0008166598611678061,313
2025-12-29,10:14,JDST,ema_bounce,52.68,0.003795066413662327,160
2025-06-26,12:57,MVLL,vwap_pullback,8.173,0.0020437359493152324,8
2026-02-06,11:49,SEGG,failed_breakdown,8.63,,0
2025-06-12,12:42,ZENA,failed_breakdown,4.9707,0.004032258064516043,18
2025-01-31,11:47,RIME,vwap_pullback,5.84,0.010362694300518192,3
2024-10-17,10:37,SOXL,vwap_pullback,36.68,0.0002731121125221361,912
2026-09-14,10:48,CORD,ema_bounce,3.3,0.0030441400304414704,162
2024-11-04,10:48,CHWY,vwap_pullback,29.1,0.0006882312456985399,143
2025-01-16,11:41,SOUNW,ema_bounce,9.65,,0
2026-01-22,11:03,ASTX,ema_bounce,83.635,0.0025118114945277647,100
2025-12-01,13:22,SMST,vwap_pullback,88.18,0.0037412845076809508,280
2025-03-19,10:20,AISP,ema_bounce,4.641,0.006472491909385167,2
2024-12-26,10:04,IDAI,vwap_pullback,7.517,0.03005076142131987,1
2026-02-05,09:52,MSTZ,orb15,24.1,0.0008312551953449531,992
2026-06-18,11:12,UUUU,vwap_pullback,16.96,0.000591191250369587,803
2025-11-21,11:07,MSOX,ema_bounce,2.73,0.01862197392923643,1
2025-02-26,10:25,SMCI,ema_bounce,55.795,0.0005385512970110608,994
2025-04-23,14:43,IONX,vwap_pullback,50.59,0.004146919431279638,76
2025-11-26,10:45,ROBN,vwap_pullback,71.59,0.002797202797202638,208
2025-05-13,09:44,ONON,orb5,56.645,0.0010617589807114189,109
2026-04-09,10:15,EOSE,ema_bounce,5.44,0.0018467220683286772,552
2025-08-08,11:51,AMCX,failed_breakdown,6.96,0.002881844380403525,30
2026-06-18,10:17,GPUS,failed_breakdown,2.434,0.0004142073152005265,96
2025-11-24,13:33,BMNU,afternoon_hod,67.7,0.0014825796886582337,80
2025-01-14,10:52,OPTT,bull_flag,28.31,0.006817939703845703,52
2026-06-23,09:36,SNDQ,pm_high_break,32.88,0.00303490136570555,1000
2026-08-04,10:03,POEL,failed_breakdown,11.4,0.004403346543373026,159
2025-10-27,10:00,LOMA,vwap_pullback,10.22,0.003925417075564369,81
2025-11-18,10:56,FCX,failed_breakdown,40.55,0.0002470660901790738,697
2026-06-23,12:37,BLZE,ema_bounce,10.95,0.0009111617312072697,909
2025-04-14,09:59,BULL,orb5,35.6052,0.009769713886950493,366
2024-11-05,10:15,SPPL,vwap_pullback,13.22,0.0061162079510703425,236
2025-02-24,10:04,PLTD,bull_flag,17.1099,0.001170960187353605,994
2025-09-17,10:30,SOGP,ema_bounce,22.62,,0
2025-08-08,10:01,VIAV,bull_flag,11.32,0.000885347498893454,64
2026-03-27,13:08,ARTL,ema_bounce,154.56,0.007613469985358652,143
2024-11-13,09:38,RKLB,orb5,20.62,0.0009671179883945635,986
2025-12-18,10:39,CORZW,bull_flag,8.82,0.0056850483229108255,35
2025-07-30,15:02,PTON,vwap_pullback,7.175,0.001399580125962306,210
2025-09-04,15:37,SHOE,eod_squeeze,25.83,0.0015527950310560055,44
2025-09-24,13:33,QCLS,ema_bounce,7.45,0.007926023778071282,235
2025-01-21,12:22,EOLS,vwap_pullback,13.895,0.002881844380403525,15
2025-10-27,10:11,BBAR,failed_breakdown,14.02,0.006010190475190524,54
2026-07-30,10:15,LABX,vwap_pullback,10.92,0.008253094910591459,60
2025-02-19,15:30,CRK,eod_squeeze,20.87,0.0004799616030718293,35
2025-06-10,10:19,ETHT,ema_bounce,48.42,0.0010335917312661277,144
2026-05-08,10:18,WSC,ema_bounce,27.17,0.0011051759071652658,506
2026-04-21,09:43,ALMU,orb5,18.71,0.006420689342739195,12
2025-11-25,09:40,NVD,orb5,9.475,0.0010565240359217947,945
2024-12-17,09:38,RR,orb5,1.26,0.008163265306122455,117
2024-11-05,10:55,PTIR,hod_break,4.247,0.0012688342585250659,740
2024-12-26,09:43,ONDS,orb5,2.355,0.004319654427645697,114
2025-10-30,10:27,VIAV,vwap_pullback,16.72,0.0005993407252023711,359
2025-11-18,12:34,GRRR,bull_flag,13.76,,0
2025-10-15,10:22,IMSR,bull_flag,30.69,0.005859374999999991,328
2025-03-07,14:02,PKX,vwap_pullback,53.4565,0.0014998125234346718,13
2025-05-06,09:36,TDUP,orb5,6.05,0.0033613445378150543,306
2025-04-03,10:18,SBIT,vwap_pullback,65.25,0.00076657723265631,805
2025-04-01,10:24,IONQ,failed_breakdown,22.63,0.00044218439089107063,300
2026-08-07,10:16,PUBM,orb15,18.125,0.002754062241806704,220
2025-08-07,10:20,BLBD,vwap_pullback,53.77,0.0015842648004062562,10
2026-03-11,09:47,ORCX,orb15,36.65,0.0008227067050596286,862
2024-12-23,13:26,SIDU,bull_flag,4.38,0.006904487917146201,2
2025-07-23,10:29,DNUT,failed_breakdown,4.9014,0.0020554984583761125,267
2025-01-17,10:00,LAES,vwap_pullback,5.03,0.0019980019980019555,451
2026-04-27,10:10,TORO,ema_bounce,8.22,0.01476014760147592,35
2026-09-18,10:29,TRUG,ema_bounce,6.607,0.005087535537932171,113
2025-04-25,10:09,GGLL,failed_breakdown,31.5498,0.0009507209633972789,402
2025-08-06,10:26,SMCZ,pm_high_break,73.87,0.002171552660152155,201
2026-05-26,10:17,OKLL,failed_breakdown,49.87,0.00100654252642172,474
2025-03-19,09:46,ETHU,orb15,45.85,0.00437636761487975,212
2025-08-12,10:14,GDOT,orb15,12.71,0.004720692368214044,59
2025-02-18,10:54,ABSI,failed_breakdown,6.1703,0.0016246953696181618,55
2024-11-07,09:44,Z,orb5,72.24,0.0023544075895021352,144
2025-10-14,09:37,ETHD,orb5,38.41,0.0026007802340702814,356
2025-07-11,15:34,ETHT,eod_squeeze,54.93,0.0014587892049599818,175
2026-01-23,10:03,LIF,pm_high_break,70.225,0.004563605248146141,5
2026-07-31,10:09,AMZU,vwap_pullback,40.8601,0.0004897159647405271,989
2026-07-08,10:21,YINN,ema_bounce,25.49,0.0003926958570586299,504
2025-09-29,10:04,CRON,bull_flag,2.99,0.003372681281618965,52
2025-01-16,10:03,TSMX,failed_breakdown,35.73,0.002249086308687048,406
2025-09-22,13:12,HYFT,bull_flag,2.06,,0
2026-09-29,10:21,XRPT,orb15,40.92,0.0024473813020067137,507
2025-01-03,10:53,NMRA,ema_bounce,2.3492,0.004319654427645697,13
2025-12-19,10:40,ETHU,ema_bounce,55.35,0.0010855798805861259,701
2026-10-08,13:24,IPW,failed_breakdown,1.265,0.008032128514056231,8
2025-06-02,13:09,RCAT,failed_breakdown,6.4891,0.0015467904098994257,49
2025-10-06,10:16,FLY,ema_bounce,29.7557,0.0030308132682269695,3
2025-03-10,14:14,MLYS,afternoon_hod,18.31,0.003834565872363752,49
2026-03-13,09:46,ETHT,orb15,16.9201,0.001774622892635382,293
2025-11-06,10:01,SNAP,vwap_pullback,8.375,0.0011940298507464554,688
2025-07-16,10:14,GAME,ema_bounce,18.12,0.004415011037527696,91
2025-07-30,10:18,PTON,bull_flag,6.8888,0.001456664238892904,102
2026-04-30,10:01,LLYX,pm_high_break,16.9658,0.0017735737511085509,147
2025-01-31,12:46,TNXP,failed_breakdown,41.06,,0
2025-10-29,13:07,PUMP,afternoon_hod,10.56,0.0009474182851728837,108
2026-08-21,10:23,BRNX,vwap_pullback,3.86,0.013037809647979093,14
2025-12-10,10:18,DXYZ,ema_bounce,30.97,0.006957926405716202,16
2026-02-27,11:03,AGIG,vwap_pullback,4.024,0.009950248756218916,3
2025-08-13,10:34,AIFC,bull_flag,6.61,0.0015163002274450018,30
2025-04-22,10:08,PNR,failed_breakdown,84.945,0.0029468969175458245,17
2026-02-13,14:26,CONL,afternoon_hod,7.075,0.0014194464158977696,303
2025-03-19,10:17,ETHT,ema_bounce,32.05,0.0015637216575450626,309
2025-09-04,10:03,BYRN,failed_breakdown,20.99,,0
2025-04-03,10:03,SARK,vwap_pullback,54.95,0.002366433057249523,502
2025-08-13,13:10,BNC,bull_flag,29.54,0.012544499067638618,3
2026-03-11,10:46,TMDE,vwap_pullback,2.39,0.004210526315789384,1
2025-10-07,13:01,LXEO,bull_flag,8.36,0.0035820895522389417,155
2025-03-27,15:30,CNXC,eod_squeeze,65.08,0.001847859562673307,107
2025-11-28,13:49,TMC,afternoon_hod,7.1,,0
2025-01-29,10:12,BABX,bull_flag,21.49,0.0009315323707498638,567
2025-07-11,09:37,XXI,orb5,38.465,0.00518134715025914,112
2026-08-26,09:45,SEDG,pm_high_break,32.585,0.0021541775657793593,160
2025-05-12,09:36,W,orb5,39.26,0.0020429009193055517,438
2025-06-26,09:36,IONX,orb5,93.01,0.0025931928687196707,819
2026-04-20,10:53,ARTL,failed_breakdown,43.72,0.010298661174047336,31
2026-05-20,10:17,CBRG,failed_breakdown,15.53,0.005171299288946353,146
2026-05-21,14:50,NBIL,vwap_pullback,39.88,0.005277044854881288,28
2025-04-09,13:58,BTU,bull_flag,12.7398,0.0015710919088766358,35
2025-04-14,10:48,SKYA,ema_bounce,13.01,0.0023228803716609263,89
2025-02-21,12:33,CELH,bull_flag,33.41,0.0005998800239952947,200
2025-01-02,10:10,OPTX,vwap_pullback,2.9401,0.010215690371711834,2
2026-05-15,12:34,AUUD,failed_breakdown,1.91,0.005305039787798413,48
2025-12-09,09:56,CBLL,bull_flag,22.87,,0
2026-08-03,10:13,MMYT,ema_bounce,63.58,0.003616636528028996,45
2026-02-13,10:12,CART,bull_flag,39.0,0.0007713073659851917,157
2025-11-06,11:16,IOVA,bull_flag,2.34,0.004301075268817303,157
2026-09-21,10:15,NUAI,ema_bounce,7.655,0.0013097576948264292,125
2026-01-02,10:56,AFJK,failed_breakdown,79.22,0.036002482929857305,12
2025-12-11,10:01,FTRE,failed_breakdown,15.98,0.01122194513715709,65
2026-07-31,12:47,AXTI,ema_bounce,59.875,0.0023403543965229115,111
2025-10-27,10:08,ASST,vwap_pullback,29.84,0.006734006734006741,297
2026-02-03,11:17,RKLX,vwap_pullback,46.28,0.00456472122595372,145
2026-05-01,09:36,TEAM,orb5,87.07,0.0013805798435343366,993
2025-05-06,11:52,EVGO,bull_flag,3.8088,0.002642007926023839,43
2026-05-13,10:05,VELO,orb5,20.25,0.0029865604778497898,400
2025-07-02,10:25,TSLR,orb15,18.31,0.0005474952094168087,986
2026-03-04,10:43,INV,hod_break,3.6386,0.0027662517289073945,10
2026-09-23,13:13,MSS,failed_breakdown,2.0401,0.0049140049140050275,84
2026-03-19,10:16,DUST,failed_breakdown,66.74,0.0015051173991570488,1000
2025-01-13,10:15,NVD,failed_breakdown,30.525,0.0009837678307919703,1000
2025-09-26,10:19,AQST,vwap_pullback,6.16,0.001629991850040715,48
2026-04-01,09:36,MUU,orb5,6.599,0.003895359938896462,515
2025-11-13,10:27,JMIA,failed_breakdown,10.4701,0.003846153846153764,97
2025-10-15,10:29,IMSR,ema_bounce,30.81,0.0045706823375775574,87
2026-08-24,09:39,AAOZ,orb5,14.425,0.002768166089965462,273
2025-06-11,10:55,SAIL,orb5,23.6862,0.0044334534017579415,8
2024-11-07,10:07,LYFT,bull_flag,18.66,0.0005369127516777455,893
2025-10-27,11:08,BMA,vwap_pullback,78.82,0.01575603557814479,3
2025-07-14,10:25,BMNR,vwap_pullback,54.34,0.0033155277214956657,127
2026-07-02,13:40,SOLT,vwap_pullback,38.74,0.002844214608920477,46
2024-12-16,09:46,ANNX,orb5,5.145,0.005853658536585241,9
2026-04-01,09:46,OMER,orb5,12.78,0.002350176263219691,105
2025-11-19,10:14,LZB,ema_bounce,35.33,,0
2026-05-26,13:00,MNTS,vwap_pullback,13.37,0.0022413149047442013,236
2025-08-25,09:40,QCLS,orb5,7.2,0.00416956219596935,55
2026-01-16,10:02,DBVT,bull_flag,20.795,0.0033710570671803652,2
2025-08-28,11:10,DPU,failed_breakdown,4.895,0.0005129520389844408,25
2025-12-01,10:26,BMNZ,orb15,26.587,0.001504042166341047,1000
2025-05-15,11:05,IBTA,ema_bounce,61.54,0.00887225109917614,8
2025-08-12,10:08,ASTS,bull_flag,53.92,0.0007430800668771902,146
2026-05-13,10:49,NBIL,hod_break,37.91,0.0029027576197387366,175
2025-07-24,11:06,WOLF,failed_breakdown,1.8262,0.005540166204986154,19
2025-12-16,12:00,VRA,ema_bounce,2.1885,0.004618937644341702,6
2025-03-25,10:11,IP,orb15,55.42,0.0007230004577805466,110
2025-03-12,09:37,ROBN,pm_high_break,11.7651,0.004253509145044572,468
2025-04-10,09:47,GDS,orb5,21.81,0.002299379167624774,64
2026-08-12,13:33,NBIG,afternoon_hod,22.45,0.0022316447221602635,247
2025-02-27,11:46,TALO,ema_bounce,9.3375,0.0010735373054213404,3
2025-05-05,10:18,QURE,failed_breakdown,15.245,0.004597701149425306,6
2025-08-12,13:22,EQ,vwap_pullback,0.9516,0.019665160775976572,1
2025-07-24,10:35,TSLZ,vwap_pullback,33.85,0.005934718100890213,208
2025-10-02,12:56,NEBX,ema_bounce,25.98,0.0037431429493385775,109
2025-04-30,10:04,SKYA,vwap_pullback,6.5848,0.004382761139517933,727
2026-04-23,11:34,ASTI,failed_breakdown,5.54,0.00724637681159421,13
2025-04-11,10:03,SBSW,orb15,4.305,0.0023391812865498655,164
2025-08-07,10:01,GH,failed_breakdown,51.08,0.0025547803871475393,66
2025-04-24,10:41,HAS,hod_break,60.87,0.000985383478403716,51
2026-09-11,10:03,BEG,orb15,52.72,0.004749691441509019,202
2026-09-14,10:34,LITZ,ema_bounce,33.01,0.0024271844660193657,112
2026-02-03,12:22,PLTU,bull_flag,56.9,0.000881600987393181,587
2026-06-01,10:05,EWTX,vwap_pullback,39.715,0.007564296520423708,15
2026-04-13,12:35,BFRG,failed_breakdown,1.075,0.009478672985781998,1
2026-05-26,10:37,NXXT,failed_breakdown,9.085,0.00719623581511204,7
2024-12-18,13:23,TNXP,bull_flag,39.47,0.0020294266869609915,138
2026-06-29,10:50,BEX,failed_breakdown,47.88,0.005027230833682489,91
2024-10-28,11:36,MNSO,vwap_pullback,19.2,0.0010432968179446829,65
2026-09-24,10:55,GRML,ema_bounce,15.2,0.0019769366080783007,154
2025-08-11,11:36,LENZ,bull_flag,39.86,0.004014049172102273,32
2025-11-04,13:30,UPWK,vwap_pullback,17.3499,0.0011534025374857627,26
2025-09-24,09:36,BKKT,orb5,19.48,0.004125838060856023,57
2025-07-07,10:23,PRZO,bull_flag,1.495,0.006779661016949158,7
2025-11-20,10:02,ODD,failed_breakdown,42.67,0.002107481559536434,79
2025-06-16,11:37,TMDE,vwap_pullback,2.2103,0.004555808656036551,22
2024-12-18,11:16,XPRO,ema_bounce,12.23,0.0016380016380017485,28
2026-09-01,11:44,CAPR,failed_breakdown,10.23,0.0019627085377820976,124
2026-03-31,15:30,AEHR,eod_squeeze,37.36,0.0029530201874333473,16
2025-02-25,09:52,HOS,orb15,8.59,0.0023337222870477917,14
2025-07-22,12:16,OPEN,ema_bounce,3.375,0.0029806259314455403,323
2024-10-28,10:53,CONL,ema_bounce,34.17,0.0008796364169474866,41
2025-10-09,10:19,BJDX,failed_breakdown,14.74,0.0027359781121751654,761
2025-09-18,09:41,KEEL,orb5,3.6056,0.0027894002789399684,303
2025-01-21,10:18,SIDU,failed_breakdown,2.86,0.00701754385964913,26
2025-10-06,10:50,AIP,ema_bounce,14.23,0.00281096275474344,23
2025-10-09,10:20,TELO,ema_bounce,1.9801,0.005089058524173033,5
2024-11-13,10:34,RKLB,ema_bounce,20.88,0.00047927150730896537,910
2025-12-22,10:01,VELO,orb5,14.86,0.006779661016949249,108
2026-02-03,11:14,CYN,vwap_pullback,1.9916,0.005063291139240511,15
2025-10-28,10:50,PYPG,vwap_pullback,20.03,0.0024931438544002573,175
2026-03-27,11:45,BATL,failed_breakdown,5.86,0.005150214592274722,18
2025-10-03,11:41,USAR,vwap_pullback,27.14,0.0022164758034725627,95
2026-05-12,10:28,RVI,hod_break,50.53,0.017227140674218863,14
2025-08-28,10:27,TCOM,ema_bounce,72.63,0.0005515719801434948,19
2025-11-26,11:17,CWVX,bull_flag,26.74,0.001870907390084151,170
2025-03-25,11:44,UAMY,ema_bounce,2.375,,0
2025-05-06,10:57,SHLS,ema_bounce,4.445,,0
2026-03-11,10:31,NBIL,ema_bounce,13.17,0.00303490136570555,415
2026-09-18,09:43,ZTG,orb5,1.5862,0.012738853503184724,185
2025-05-27,09:36,IXHL,orb5,7.31,0.004505426991603481,91
2026-07-21,10:36,COHX,orb15,33.37,0.003004807692307735,24
2025-12-10,10:20,DBVT,bull_flag,19.1104,0.005769735116705975,11
2026-07-08,13:29,KC,afternoon_hod,10.69,0.0009376465072667405,16
2025-12-19,11:05,CYPH,vwap_pullback,1.105,,0
2026-02-02,10:11,WATT,orb15,9.0775,,0
2025-12-18,10:43,IREX,orb5,29.59,0.003053435114503752,276
2025-06-23,10:26,ZETA,pm_high_break,17.2567,0.0005802146794312742,971
2025-08-21,14:52,SCNI,vwap_pullback,17.0,,0
2026-09-21,14:02,USGG,afternoon_hod,5.96,0.0016849199663017142,15
2026-07-30,09:36,NBIL,orb5,18.69,0.003215434083601408,703
2024-12-02,10:26,SMCI,hod_break,38.5405,0.0002610625244747452,990
2024-11-06,10:21,GEO,hod_break,20.53,0.000977995110024429,584
2026-01-02,09:40,GPUS,orb5,1.119,0.008599230595157208,96
2024-12-13,14:18,AVGX,afternoon_hod,31.07,0.0012886597938144056,215
2026-03-26,13:01,NAVN,bull_flag,12.225,0.003270645952575564,73
2026-02-20,09:36,AXTI,orb5,27.54,0.004338394793926155,428
2025-11-18,10:03,VNDA,vwap_pullback,5.0065,0.0020060180541624445,46
2025-06-06,10:57,TSLT,hod_break,15.03,0.0006664445184938212,959
2026-07-01,15:21,METU,vwap_pullback,24.09,0.0004158868787690398,218
2026-06-09,10:13,FCEL,vwap_pullback,19.105,0.001571915116583764,263
2026-05-12,10:24,DDD,ema_bounce,3.085,0.0032520325203252783,78
2025-10-24,12:12,CLSX,ema_bounce,70.74,0.005086901229334455,93
2025-11-07,10:23,ORGO,orb5,5.6027,0.001803426510369664,429
2025-12-11,13:21,GEMI,afternoon_hod,13.9877,0.0028653295128940486,5
2024-11-27,15:30,URBN,eod_squeeze,47.705,0.0004199034222129567,34
2026-10-01,10:23,SDEV,vwap_pullback,4.135,0.0024301336573511025,145
2025-01-24,10:36,ARQQ,ema_bounce,28.82,0.023545949745211674,7
2025-02-04,09:53,SMCX,orb5,62.93,0.0025534654756470734,470
2024-12-12,10:35,BTDR,orb15,21.97,0.0022784233310547803,485
2026-05-01,10:41,ISPC,vwap_pullback,6.36,0.01572327044025166,16
2025-05-05,11:01,GDXU,ema_bounce,63.36,0.0018975332068310792,114
2025-08-14,10:41,ICU,orb15,7.77,0.006342631544883846,1
2025-05-29,10:55,IMNN,ema_bounce,27.04,,0
2024-12-10,11:03,ABSI,hod_break,3.955,0.0025412960609910514,15
2025-08-06,10:29,RNG,ema_bounce,30.315,0.002312902692879573,7
2026-07-08,15:30,BABX,eod_squeeze,17.765,0.0005635390250775748,114
2025-07-08,11:47,HUMA,ema_bounce,2.665,0.0037807183364838514,12
2025-04-10,10:20,SMST,ema_bounce,61.89,0.0032414910858994447,597
2025-11-18,15:30,BSOL,eod_squeeze,18.66,0.0021470746108426812,70
2024-11-01,12:00,ACCO,ema_bounce,5.125,0.0019512195121950803,54
2025-08-11,11:29,MSOX,ema_bounce,7.56,0.006600660066006578,473
2026-05-27,10:02,ALP,orb15,27.03,0.002039113912318083,106
2026-07-10,13:38,WNW,ema_bounce,3.65,,0
2026-02-26,12:51,IONL,vwap_pullback,22.14,0.003152443143436016,99
2026-02-17,09:36,ETOR,orb5,32.7215,0.0027535566773748293,107
2025-12-01,10:15,MSTZ,orb5,15.7486,0.000635525897680317,955
2026-05-28,10:27,UMAC,ema_bounce,28.745,0.00243351294976535,77
2024-10-10,13:45,GXO,vwap_pullback,58.235,0.001719690455717995,1
2026-05-07,11:03,FLNC,vwap_pullback,17.9717,0.0016830294530154916,292
2025-11-21,09:57,BTCZ,failed_breakdown,4.73,0.0021253985122209962,474
2026-06-03,12:04,YMAT,ema_bounce,6.525,0.007782101167315181,74
2025-12-26,10:07,PLTM,orb15,23.424,0.0004272591326640275,127
2025-10-30,13:42,VIAV,afternoon_hod,17.2599,0.0005802146794312742,95
2026-09-09,09:37,LAC,orb5,3.325,0.0030257186081695106,45
2026-09-01,09:36,BMNZ,pm_high_break,6.34,0.0015835312747427832,309
2025-03-17,10:31,SNOA,vwap_pullback,3.99,0.010050251256281416,1
2025-02-07,10:56,CLSK,ema_bounce,11.94,0.0008399832003359753,873
2026-07-02,10:12,ETHU,ema_bounce,13.45,0.0007443245254930992,657
2026-01-13,11:13,WWR,failed_breakdown,1.21,0.008368200836820092,30
2025-02-25,09:46,BTCZ,orb15,6.265,0.0016038492381715776,393
2026-03-24,10:49,NTGR,ema_bounce,25.23,,0
2026-01-08,12:38,ASPC,bull_flag,22.332,0.008928571428571397,1
2024-12-11,11:48,PRZO,vwap_pullback,1.455,0.013986013986014,9
2025-07-14,10:46,CTXR,orb5,1.77,0.011428571428571439,15
2025-09-08,09:38,LDI,orb5,3.64,0.0027739251040221325,311
2025-07-16,10:34,UPXI,ema_bounce,5.78,0.0034722222222221483,5
2025-06-06,09:36,QXO,orb5,18.6197,0.0016072863648540659,184
2025-12-09,10:24,WVE,ema_bounce,19.465,0.0015333503705595496,441
2025-05-07,12:28,PSNL,bull_flag,4.6015,0.0021810250817883943,56
2026-06-30,09:36,SMST,orb5,82.75,0.006922096059262774,159
2024-12-06,09:52,AAOI,orb15,38.7801,0.0018062185524448534,47
2026-02-26,10:00,CELH,vwap_pullback,58.16,0.001205649337222523,210
2025-09-25,10:29,QURE,ema_bounce,50.33,0.002388535031847083,169
2024-11-07,10:54,BROS,vwap_pullback,48.17,0.0010411244143674577,92
2026-03-19,11:17,HIMZ,ema_bounce,30.6941,0.003583645544876997,234
2025-03-05,10:10,ATRO,ema_bounce,24.7801,,0
2024-10-22,10:43,AGQ,ema_bounce,49.195,0.0008141664970486292,195
2024-12-16,10:04,SGMT,pm_high_break,5.41,0.0036968576709795883,138
2026-04-29,10:32,FCEL,ema_bounce,11.37,0.0026304252520823637,287
2026-04-28,13:12,SKYQ,failed_breakdown,5.71,0.003521126760563462,31
2026-08-21,10:57,XRPZ,ema_bounce,15.26,0.0006559527714004452,281
2025-01-15,09:55,COMP,bull_flag,6.27,0.0016012810248198217,228
2025-12-18,10:10,SOC,vwap_pullback,8.8691,0.0022573363431150763,671
2025-10-29,11:13,GNTA,hod_break,3.05,0.006578947368421058,76
2025-05-13,11:10,ARRY,bull_flag,8.325,0.0012012012012011758,221
2025-05-27,09:55,SATL,bull_flag,4.11,0.0024479804161566185,14
2025-11-07,14:57,CGC,vwap_pullback,1.1899,0.00858369098712447,116
2025-08-11,10:01,MSOX,vwap_pullback,7.37,0.012203389830508456,17
2026-02-20,09:43,KOS,orb5,2.205,0.004597701149425394,137
2026-03-12,09:49,WOOF,orb5,3.18,0.0031796502384737,75
2026-06-02,10:04,GLWG,bull_flag,28.7912,0.0031298904538341107,193
2025-07-21,10:18,ETHT,pm_high_break,87.95,0.001936328948117794,999
2026-01-14,11:08,INTW,bull_flag,9.006,0.0025041736227044047,170
2026-03-04,14:52,JZXN,ema_bounce,1.4015,0.007326007326007331,60
2026-06-01,13:19,AIIO,bull_flag,31.58,0.0031796502384737,25
2025-07-23,10:07,LW,pm_high_break,57.93,0.0008645283997578829,103
2026-04-28,13:32,CORD,vwap_pullback,6.95,0.0014430021941754475,46
2025-03-18,09:36,TSDD,pm_high_break,82.19,0.0019505059124710056,1000
2025-04-15,09:57,CRVO,failed_breakdown,10.06,0.011428695586046495,2
2025-12-02,12:41,CLSX,bull_flag,37.04,0.004341926729986339,83
2025-08-26,10:42,AMDL,vwap_pullback,11.24,0.0008908685968819409,164
2026-03-19,09:44,KLC,orb5,2.435,0.004175365344467552,89
2026-03-11,10:13,TMDE,failed_breakdown,2.3437,0.00858369098712447,11
2026-09-04,09:35,AMAU,pm_high_break,12.46,0.004830917874396033,90
2025-02-05,10:59,AVGX,ema_bounce,30.14,0.0019960079840318935,114
2025-06-10,09:59,QTRX,orb5,6.15,0.004922067268252706,42
2025-06-09,15:30,EVTL,eod_squeeze,6.1898,0.0032467532467531776,3
2025-05-16,10:54,GELS,vwap_pullback,1.912,0.028612012987013012,4
2025-02-12,10:53,PROP,ema_bounce,10.37,0.014457831325301068,5
2025-06-18,12:35,INVZ,vwap_pullback,1.345,0.00754716981132076,1
2025-03-04,10:48,GENI,ema_bounce,8.84,0.002265005662514108,68
2025-11-24,11:04,CLSX,hod_break,21.19,0.006153846153846275,70
2024-10-16,10:47,SMR,hod_break,17.845,0.0016820857863751688,628
2025-09-12,10:48,ISPC,ema_bounce,71.91,0.005571030640668529,8
2026-07-07,12:36,DAMD,failed_breakdown,16.88,0.005934718100890213,40
2025-02-26,10:36,ARQT,bull_flag,13.245,0.00530503978779843,77
2024-10-21,10:18,RGTI,orb15,1.205,0.00851063829787235,26
2025-04-24,10:00,HAS,vwap_pullback,59.905,0.0018376214364627173,44
2024-11-22,10:56,KOLD,orb15,62.38,0.000963391136801578,375
2024-11-26,10:19,SMTC,ema_bounce,62.215,0.003218020917136007,7
2026-03-30,10:14,CENX,failed_breakdown,55.972,0.001968680152543434,50
2026-08-12,12:05,AXTX,ema_bounce,45.51,0.0044072278536799415,147
2026-02-06,10:17,MSTU,ema_bounce,48.03,0.0020898641588296316,988
2025-06-18,09:59,INVZ,pm_high_break,1.335,0.0076045627376425924,25
2025-10-13,10:22,USAR,vwap_pullback,41.6474,0.0026407448859504003,308
2025-08-04,10:27,INMB,ema_bounce,2.805,0.0035906642728905673,59
2025-08-29,12:12,GMHS,failed_breakdown,2.255,0.004494382022471814,91
2024-10-14,10:01,CONL,orb15,25.8773,0.0011625653943034737,402
2025-03-14,10:03,DOCU,vwap_pullback,85.61,0.0022246941045605964,55
2025-12-08,13:53,KOLD,afternoon_hod,23.97,0.00041797283176585206,225
2025-04-29,13:17,OMEX,vwap_pullback,1.55,0.006600660066006606,33
2026-08-14,10:51,SXTC,failed_breakdown,4.14,0.01463414634146332,13
2025-04-23,15:42,HCSG,eod_squeeze,12.09,0.0033140016570007576,37
2025-03-14,09:36,PLTU,orb5,29.04,0.0017244352474564827,1000
2026-05-04,09:40,DARE,orb5,2.8699,0.00709219858156029,97
2024-12-06,10:11,ZDAI,ema_bounce,28.68,0.005602240896358548,36
2026-03-16,12:27,NBIL,ema_bounce,16.98,0.004131012097964018,132
2026-06-09,14:31,APLD,ema_bounce,42.3894,0.0007086335183654455,999
2026-02-03,10:22,SHNY,vwap_pullback,17.76,0.003899296431296079,94
2026-02-20,09:51,AZIO,orb5,2.015,0.0050377833753148665,111
2026-01-22,11:10,TMC,bull_flag,9.465,0.0010587612493382515,252
2026-06-02,10:12,VSXY,ema_bounce,80.81,0.006442819972741865,82
2025-01-23,11:12,KNX,ema_bounce,58.105,0.001981459029844322,20
2025-11-13,14:32,CURI,vwap_pullback,4.8,0.004192872117400517,13
2026-06-11,11:00,DAIC,bull_flag,2.31,0.006507653566477054,16
2025-04-03,09:57,SPXS,hod_break,76.71,0.0013063357282821406,987
2026-01-27,10:19,RR,ema_bounce,4.4497,0.0022547914317927113,217
2026-09-30,11:42,VWAV,ema_bounce,4.49,0.008908685968819607,2
2026-09-08,11:42,WYHG,vwap_pullback,5.35,0.0037453183520598453,4
2026-02-24,09:36,LRMR,orb5,3.955,0.002522068095838646,958
2025-12-18,10:50,DJT,ema_bounce,14.328,0.0006966213862765439,452
2025-07-28,10:39,PD,ema_bounce,17.01,0.0017693895606014501,31
2026-06-18,10:05,UUUU,failed_breakdown,16.775,0.0011940298507464554,994
2025-10-03,10:45,CLPT,bull_flag,27.8774,,0
2025-03-26,14:31,WOR,afternoon_hod,51.97,0.0015429122468659266,9
2025-09-16,10:31,ZONE,failed_breakdown,2.9,0.0034662045060659384,1
2024-11-20,10:26,BOIL,orb15,92.74,0.0008635578583766462,213
2026-01-13,11:56,OPCH,vwap_pullback,35.04,0.0002857551078724963,15
2024-10-17,10:21,SOXL,ema_bounce,36.7999,0.00027221995372274713,936
2025-01-30,09:49,LVS,orb15,47.99,0.0010432968179447943,77
2025-05-07,12:41,TDAY,vwap_pullback,3.375,0.0029806259314455403,10
2026-01-20,10:04,AZIO,vwap_pullback,4.24,0.007100591715976391,69
2026-01-16,10:35,IBRX,ema_bounce,5.1717,0.0019436345966959525,88
2025-09-04,10:03,ASAN,vwap_pullback,15.265,0.0013046314416177152,498
2026-07-31,11:02,REPL,ema_bounce,10.9496,0.0018214936247722745,595
2025-06-05,11:38,ONDS,ema_bounce,1.8275,0.005540166204986154,2
2025-09-15,09:56,LDI,failed_breakdown,4.6985,0.004264392324093915,119
2026-09-29,13:31,AVX,failed_breakdown,6.86,0.02132130864766654,18
2024-10-29,10:55,DJT,failed_breakdown,49.37,0.0012154360501475548,904
2026-01-20,10:49,ETHD,ema_bounce,45.794,0.0019687192387618136,240
2026-06-25,12:13,MUU,failed_breakdown,59.29,0.00141290452802266,261
2025-03-12,10:28,CXM,ema_bounce,9.57,0.002092050209204976,49
2024-12-13,10:27,TRVI,pm_high_break,3.9849,0.0050377833753148665,42
2026-03-05,09:40,QNCX,orb5,25.96,0.006223260373613435,80
2026-04-10,10:24,MRLN,ema_bounce,11.07,0.010834010263820642,4
2024-12-20,10:44,VKTX,ema_bounce,43.85,0.002737850787132043,48
2026-03-23,10:34,KORU,ema_bounce,19.08,5.249068290373684e-05,134
2025-07-14,10:04,TDTH,orb5,13.45,0.007071097601273048,32
2025-12-03,10:21,AEO,ema_bounce,24.0674,0.000831600831600814,186
2025-03-04,11:12,ONON,ema_bounce,49.745,0.0018103188172582984,33
2024-12-30,09:48,UNG,orb15,19.02,0.0005264543300869473,524
2025-03-18,13:20,MSTZ,failed_breakdown,16.1292,0.0006224712107066022,976
2026-04-29,10:31,WERN,vwap_pullback,36.86,0.0024486464426607623,34
2026-01-08,09:37,NEOG,pm_high_break,9.71,0.0031136481577582913,149
2024-11-25,09:59,BBWI,failed_breakdown,36.08,0.0016685205784205304,370
2025-03-18,10:21,CDE,ema_bounce,6.745,0.0014869888475837435,111
2026-08-24,14:51,CAPR,vwap_pullback,7.015,0.0014295925661186256,9
2026-04-27,12:25,ICL,ema_bounce,5.5751,0.001800180018001762,1
2026-05-07,10:16,RMSG,ema_bounce,1.6498,0.006153846153846023,25
2025-07-17,10:19,PGY,bull_flag,28.74,0.005260389268805842,97
2025-11-05,15:30,DOCN,eod_squeeze,46.37,0.0006480181445080708,39
2025-08-22,15:30,MNSO,eod_squeeze,26.42,0.0007578628268283279,17
