strategy,entry,plan,costs,n,gross,net,t,first_half,second_half,fill_rate
afternoon_hod,mkt,h2,bot,801,0.02,-0.225,-6.04,-0.27,-0.181,1.0
bull_flag,mkt,h2,bot,2228,-0.003,-0.328,-13.02,-0.321,-0.335,1.0
ema_bounce,mkt,h2,bot,5258,0.024,-0.343,-20.5,-0.324,-0.361,1.0
eod_squeeze,mkt,h2,bot,715,-0.023,-0.398,-3.67,-0.253,-0.543,0.97
failed_breakdown,mkt,h2,bot,2541,-0.026,-0.323,-14.26,-0.304,-0.341,1.0
hod_break,mkt,h2,bot,666,0.005,-0.187,-4.45,-0.23,-0.143,1.0
orb15,mkt,h2,bot,1339,0.021,-0.175,-5.88,-0.178,-0.173,1.0
orb5,mkt,h2,bot,2267,-0.031,-0.226,-9.57,-0.208,-0.243,1.0
pm_high_break,mkt,h2,bot,667,0.023,-0.165,-3.82,-0.189,-0.141,1.0
vwap_pullback,mkt,h2,bot,4246,-0.026,-0.555,-27.92,-0.575,-0.534,0.95
afternoon_hod,mkt,h2,spread_med,801,0.02,-0.121,-3.35,-0.158,-0.084,1.0
bull_flag,mkt,h2,spread_med,2228,-0.003,-0.158,-6.7,-0.139,-0.178,1.0
ema_bounce,mkt,h2,spread_med,5258,0.024,-0.161,-10.35,-0.143,-0.18,1.0
eod_squeeze,mkt,h2,spread_med,715,-0.023,-0.256,-2.38,-0.096,-0.415,0.97
failed_breakdown,mkt,h2,spread_med,2541,-0.026,-0.174,-8.08,-0.151,-0.197,1.0
hod_break,mkt,h2,spread_med,666,0.005,-0.1,-2.46,-0.144,-0.056,1.0
orb15,mkt,h2,spread_med,1339,0.021,-0.091,-3.15,-0.094,-0.088,1.0
orb5,mkt,h2,spread_med,2267,-0.031,-0.123,-5.42,-0.104,-0.141,1.0
pm_high_break,mkt,h2,spread_med,667,0.023,-0.09,-2.12,-0.105,-0.075,1.0
vwap_pullback,mkt,h2,spread_med,4246,-0.026,-0.302,-16.99,-0.317,-0.287,0.95
afternoon_hod,mkt,h2,spread_p75,801,0.02,-0.242,-6.45,-0.283,-0.201,1.0
bull_flag,mkt,h2,spread_p75,2228,-0.003,-0.281,-11.54,-0.261,-0.301,1.0
ema_bounce,mkt,h2,spread_p75,5258,0.024,-0.311,-19.15,-0.293,-0.329,1.0
eod_squeeze,mkt,h2,spread_p75,715,-0.023,-0.461,-4.22,-0.333,-0.589,0.97
failed_breakdown,mkt,h2,spread_p75,2541,-0.026,-0.292,-13.08,-0.276,-0.308,1.0
hod_break,mkt,h2,spread_p75,666,0.005,-0.188,-4.52,-0.233,-0.142,1.0
orb15,mkt,h2,spread_p75,1339,0.021,-0.184,-6.2,-0.191,-0.177,1.0
orb5,mkt,h2,spread_p75,2267,-0.031,-0.192,-8.37,-0.175,-0.21,1.0
pm_high_break,mkt,h2,spread_p75,667,0.023,-0.187,-4.31,-0.203,-0.172,1.0
vwap_pullback,mkt,h2,spread_p75,4246,-0.026,-0.531,-27.57,-0.556,-0.507,0.95
afternoon_hod,mkt,r3,bot,801,0.024,-0.253,-5.2,-0.294,-0.212,1.0
bull_flag,mkt,r3,bot,2228,0.015,-0.341,-8.89,-0.413,-0.269,1.0
ema_bounce,mkt,r3,bot,5258,0.066,-0.333,-13.01,-0.325,-0.34,1.0
eod_squeeze,mkt,r3,bot,715,-0.022,-0.426,-3.3,-0.252,-0.599,0.97
failed_breakdown,mkt,r3,bot,2541,-0.008,-0.334,-10.11,-0.341,-0.328,1.0
hod_break,mkt,r3,bot,666,-0.036,-0.252,-4.33,-0.313,-0.191,1.0
orb15,mkt,r3,bot,1339,0.013,-0.205,-4.91,-0.199,-0.211,1.0
orb5,mkt,r3,bot,2267,-0.024,-0.236,-6.78,-0.259,-0.212,1.0
pm_high_break,mkt,r3,bot,667,-0.032,-0.242,-3.93,-0.293,-0.191,1.0
vwap_pullback,mkt,r3,bot,4246,-0.051,-0.625,-21.49,-0.645,-0.606,0.95
afternoon_hod,mkt,r3,spread_med,801,0.024,-0.135,-2.82,-0.168,-0.102,1.0
bull_flag,mkt,r3,spread_med,2228,0.015,-0.155,-4.19,-0.21,-0.099,1.0
ema_bounce,mkt,r3,spread_med,5258,0.066,-0.135,-5.52,-0.127,-0.143,1.0
eod_squeeze,mkt,r3,spread_med,715,-0.022,-0.272,-2.12,-0.083,-0.462,0.97
failed_breakdown,mkt,r3,spread_med,2541,-0.008,-0.171,-5.32,-0.171,-0.171,1.0
hod_break,mkt,r3,spread_med,666,-0.036,-0.154,-2.7,-0.218,-0.091,1.0
orb15,mkt,r3,spread_med,1339,0.013,-0.111,-2.71,-0.103,-0.119,1.0
orb5,mkt,r3,spread_med,2267,-0.024,-0.124,-3.67,-0.146,-0.103,1.0
pm_high_break,mkt,r3,spread_med,667,-0.032,-0.157,-2.58,-0.198,-0.117,1.0
vwap_pullback,mkt,r3,spread_med,4246,-0.051,-0.352,-12.88,-0.364,-0.34,0.95
afternoon_hod,mkt,r3,spread_p75,801,0.024,-0.27,-5.55,-0.309,-0.232,1.0
bull_flag,mkt,r3,spread_p75,2228,0.015,-0.288,-7.67,-0.344,-0.232,1.0
ema_bounce,mkt,r3,spread_p75,5258,0.066,-0.298,-11.84,-0.291,-0.304,1.0
eod_squeeze,mkt,r3,spread_p75,715,-0.022,-0.493,-3.8,-0.335,-0.649,0.97
failed_breakdown,mkt,r3,spread_p75,2541,-0.008,-0.3,-9.14,-0.308,-0.292,1.0
hod_break,mkt,r3,spread_p75,666,-0.036,-0.254,-4.4,-0.316,-0.192,1.0
orb15,mkt,r3,spread_p75,1339,0.013,-0.214,-5.16,-0.211,-0.217,1.0
orb5,mkt,r3,spread_p75,2267,-0.024,-0.201,-5.87,-0.223,-0.179,1.0
pm_high_break,mkt,r3,spread_p75,667,-0.032,-0.266,-4.3,-0.307,-0.225,1.0
vwap_pullback,mkt,r3,spread_p75,4246,-0.051,-0.601,-20.97,-0.623,-0.579,0.95
afternoon_hod,mkt,tr,bot,801,0.014,-0.243,-6.73,-0.308,-0.177,1.0
bull_flag,mkt,tr,bot,2228,-0.01,-0.361,-14.43,-0.352,-0.37,1.0
ema_bounce,mkt,tr,bot,5258,0.016,-0.381,-22.12,-0.351,-0.411,1.0
eod_squeeze,mkt,tr,bot,715,-0.003,-0.387,-3.58,-0.275,-0.499,0.97
failed_breakdown,mkt,tr,bot,2541,-0.031,-0.351,-16.0,-0.325,-0.377,1.0
hod_break,mkt,tr,bot,666,-0.005,-0.209,-5.28,-0.236,-0.182,1.0
orb15,mkt,tr,bot,1339,0.019,-0.191,-6.69,-0.217,-0.165,1.0
orb5,mkt,tr,bot,2267,-0.061,-0.269,-11.57,-0.261,-0.276,1.0
pm_high_break,mkt,tr,bot,667,-0.006,-0.21,-5.17,-0.214,-0.206,1.0
vwap_pullback,mkt,tr,bot,4246,-0.027,-0.596,-29.87,-0.632,-0.56,0.95
afternoon_hod,mkt,tr,spread_med,801,0.014,-0.134,-3.79,-0.192,-0.076,1.0
bull_flag,mkt,tr,spread_med,2228,-0.01,-0.178,-7.48,-0.155,-0.2,1.0
ema_bounce,mkt,tr,spread_med,5258,0.016,-0.185,-11.3,-0.154,-0.215,1.0
eod_squeeze,mkt,tr,spread_med,715,-0.003,-0.243,-2.26,-0.116,-0.369,0.97
failed_breakdown,mkt,tr,spread_med,2541,-0.031,-0.191,-9.1,-0.161,-0.221,1.0
hod_break,mkt,tr,spread_med,666,-0.005,-0.117,-3.04,-0.145,-0.088,1.0
orb15,mkt,tr,spread_med,1339,0.019,-0.101,-3.64,-0.127,-0.076,1.0
orb5,mkt,tr,spread_med,2267,-0.061,-0.159,-7.09,-0.15,-0.167,1.0
pm_high_break,mkt,tr,spread_med,667,-0.006,-0.128,-3.21,-0.123,-0.133,1.0
vwap_pullback,mkt,tr,spread_med,4246,-0.027,-0.325,-17.94,-0.355,-0.295,0.95
afternoon_hod,mkt,tr,spread_p75,801,0.014,-0.261,-7.19,-0.324,-0.198,1.0
bull_flag,mkt,tr,spread_p75,2228,-0.01,-0.31,-12.83,-0.287,-0.333,1.0
ema_bounce,mkt,tr,spread_p75,5258,0.016,-0.347,-20.72,-0.316,-0.377,1.0
eod_squeeze,mkt,tr,spread_p75,715,-0.003,-0.453,-4.16,-0.359,-0.546,0.97
failed_breakdown,mkt,tr,spread_p75,2541,-0.031,-0.317,-14.74,-0.294,-0.34,1.0
hod_break,mkt,tr,spread_p75,666,-0.005,-0.21,-5.41,-0.239,-0.181,1.0
orb15,mkt,tr,spread_p75,1339,0.019,-0.201,-7.09,-0.231,-0.171,1.0
orb5,mkt,tr,spread_p75,2267,-0.061,-0.233,-10.33,-0.226,-0.241,1.0
pm_high_break,mkt,tr,spread_p75,667,-0.006,-0.233,-5.73,-0.229,-0.238,1.0
vwap_pullback,mkt,tr,spread_p75,4246,-0.027,-0.574,-29.74,-0.613,-0.534,0.95
afternoon_hod,lim,h2,bot,719,0.005,-0.098,-2.51,-0.144,-0.052,0.9
bull_flag,lim,h2,bot,2007,-0.02,-0.15,-5.75,-0.155,-0.144,0.9
ema_bounce,lim,h2,bot,4817,0.003,-0.144,-8.39,-0.127,-0.16,0.91
eod_squeeze,lim,h2,bot,635,-0.033,-0.208,-1.77,-0.02,-0.396,0.86
failed_breakdown,lim,h2,bot,2299,-0.039,-0.157,-6.65,-0.132,-0.181,0.9
hod_break,lim,h2,bot,600,-0.002,-0.078,-1.79,-0.114,-0.042,0.9
orb15,lim,h2,bot,1220,0.0,-0.079,-2.55,-0.079,-0.079,0.91
orb5,lim,h2,bot,2133,-0.047,-0.127,-5.29,-0.106,-0.149,0.94
pm_high_break,lim,h2,bot,618,0.018,-0.054,-1.22,-0.085,-0.024,0.93
vwap_pullback,lim,h2,bot,3775,-0.049,-0.269,-13.45,-0.285,-0.252,0.84
afternoon_hod,lim,h2,spread_med,719,0.005,-0.055,-1.43,-0.097,-0.012,0.9
bull_flag,lim,h2,spread_med,2007,-0.02,-0.082,-3.28,-0.082,-0.081,0.9
ema_bounce,lim,h2,spread_med,4817,0.003,-0.071,-4.33,-0.055,-0.087,0.91
eod_squeeze,lim,h2,spread_med,635,-0.033,-0.141,-1.2,0.055,-0.337,0.86
failed_breakdown,lim,h2,spread_med,2299,-0.039,-0.098,-4.33,-0.074,-0.123,0.9
hod_break,lim,h2,spread_med,600,-0.002,-0.044,-1.02,-0.079,-0.008,0.9
orb15,lim,h2,spread_med,1220,0.0,-0.045,-1.5,-0.045,-0.046,0.91
orb5,lim,h2,spread_med,2133,-0.047,-0.084,-3.61,-0.063,-0.106,0.94
pm_high_break,lim,h2,spread_med,618,0.018,-0.025,-0.58,-0.052,0.001,0.93
vwap_pullback,lim,h2,spread_med,3775,-0.049,-0.161,-8.69,-0.176,-0.147,0.84
afternoon_hod,lim,h2,spread_p75,719,0.005,-0.105,-2.67,-0.15,-0.06,0.9
bull_flag,lim,h2,spread_p75,2007,-0.02,-0.131,-5.1,-0.131,-0.13,0.9
ema_bounce,lim,h2,spread_p75,4817,0.003,-0.13,-7.7,-0.114,-0.146,0.91
eod_squeeze,lim,h2,spread_p75,635,-0.033,-0.236,-2.0,-0.057,-0.414,0.86
failed_breakdown,lim,h2,spread_p75,2299,-0.039,-0.146,-6.24,-0.124,-0.168,0.9
hod_break,lim,h2,spread_p75,600,-0.002,-0.079,-1.8,-0.115,-0.042,0.9
orb15,lim,h2,spread_p75,1220,0.0,-0.083,-2.69,-0.085,-0.081,0.91
orb5,lim,h2,spread_p75,2133,-0.047,-0.113,-4.74,-0.091,-0.134,0.94
pm_high_break,lim,h2,spread_p75,618,0.018,-0.064,-1.42,-0.091,-0.036,0.93
vwap_pullback,lim,h2,spread_p75,3775,-0.049,-0.254,-12.86,-0.274,-0.234,0.84
afternoon_hod,lim,r3,bot,719,0.011,-0.124,-2.43,-0.187,-0.061,0.9
bull_flag,lim,r3,bot,2007,-0.001,-0.162,-4.04,-0.231,-0.092,0.9
ema_bounce,lim,r3,bot,4817,0.052,-0.127,-4.83,-0.121,-0.134,0.91
eod_squeeze,lim,r3,bot,635,-0.056,-0.261,-1.89,0.015,-0.536,0.86
failed_breakdown,lim,r3,bot,2299,-0.026,-0.173,-4.99,-0.165,-0.181,0.9
hod_break,lim,r3,bot,600,-0.027,-0.128,-2.08,-0.193,-0.063,0.9
orb15,lim,r3,bot,1220,-0.019,-0.119,-2.75,-0.121,-0.116,0.91
orb5,lim,r3,bot,2133,-0.033,-0.13,-3.64,-0.143,-0.116,0.94
pm_high_break,lim,r3,bot,618,-0.033,-0.128,-1.99,-0.209,-0.048,0.93
vwap_pullback,lim,r3,bot,3775,-0.095,-0.361,-12.16,-0.381,-0.341,0.84
afternoon_hod,lim,r3,spread_med,719,0.011,-0.067,-1.33,-0.124,-0.01,0.9
bull_flag,lim,r3,spread_med,2007,-0.001,-0.077,-1.99,-0.138,-0.017,0.9
ema_bounce,lim,r3,spread_med,4817,0.052,-0.038,-1.48,-0.031,-0.045,0.91
eod_squeeze,lim,r3,spread_med,635,-0.056,-0.182,-1.32,0.102,-0.466,0.86
failed_breakdown,lim,r3,spread_med,2299,-0.026,-0.1,-2.96,-0.09,-0.111,0.9
hod_break,lim,r3,spread_med,600,-0.027,-0.083,-1.37,-0.15,-0.017,0.9
orb15,lim,r3,spread_med,1220,-0.019,-0.076,-1.79,-0.077,-0.076,0.91
orb5,lim,r3,spread_med,2133,-0.033,-0.079,-2.26,-0.091,-0.067,0.94
pm_high_break,lim,r3,spread_med,618,-0.033,-0.09,-1.41,-0.163,-0.016,0.93
vwap_pullback,lim,r3,spread_med,3775,-0.095,-0.232,-8.18,-0.248,-0.216,0.84
afternoon_hod,lim,r3,spread_p75,719,0.011,-0.133,-2.59,-0.193,-0.072,0.9
bull_flag,lim,r3,spread_p75,2007,-0.001,-0.138,-3.48,-0.199,-0.077,0.9
ema_bounce,lim,r3,spread_p75,4817,0.052,-0.11,-4.2,-0.104,-0.116,0.91
eod_squeeze,lim,r3,spread_p75,635,-0.056,-0.293,-2.12,-0.025,-0.561,0.86
failed_breakdown,lim,r3,spread_p75,2299,-0.026,-0.159,-4.62,-0.153,-0.166,0.9
hod_break,lim,r3,spread_p75,600,-0.027,-0.13,-2.13,-0.196,-0.065,0.9
orb15,lim,r3,spread_p75,1220,-0.019,-0.124,-2.87,-0.127,-0.12,0.91
orb5,lim,r3,spread_p75,2133,-0.033,-0.114,-3.24,-0.127,-0.101,0.94
pm_high_break,lim,r3,spread_p75,618,-0.033,-0.139,-2.15,-0.214,-0.063,0.93
vwap_pullback,lim,r3,spread_p75,3775,-0.095,-0.345,-11.7,-0.367,-0.323,0.84
afternoon_hod,lim,tr,bot,719,0.004,-0.111,-2.91,-0.18,-0.043,0.9
bull_flag,lim,tr,bot,2007,-0.03,-0.187,-7.35,-0.196,-0.179,0.9
ema_bounce,lim,tr,bot,4817,-0.005,-0.184,-10.82,-0.157,-0.211,0.91
eod_squeeze,lim,tr,bot,635,-0.03,-0.214,-1.84,-0.055,-0.372,0.86
failed_breakdown,lim,tr,bot,2299,-0.042,-0.184,-8.09,-0.155,-0.213,0.9
hod_break,lim,tr,bot,600,-0.006,-0.093,-2.26,-0.115,-0.072,0.9
orb15,lim,tr,bot,1220,-0.001,-0.092,-3.12,-0.117,-0.068,0.91
orb5,lim,tr,bot,2133,-0.075,-0.168,-7.06,-0.161,-0.175,0.94
pm_high_break,lim,tr,bot,618,-0.009,-0.098,-2.35,-0.119,-0.078,0.93
vwap_pullback,lim,tr,bot,3775,-0.059,-0.319,-16.16,-0.345,-0.293,0.84
afternoon_hod,lim,tr,spread_med,719,0.004,-0.063,-1.67,-0.127,0.001,0.9
bull_flag,lim,tr,spread_med,2007,-0.03,-0.105,-4.24,-0.107,-0.102,0.9
ema_bounce,lim,tr,spread_med,4817,-0.005,-0.095,-5.78,-0.068,-0.122,0.91
eod_squeeze,lim,tr,spread_med,635,-0.03,-0.145,-1.25,0.021,-0.31,0.86
failed_breakdown,lim,tr,spread_med,2299,-0.042,-0.113,-5.12,-0.084,-0.142,0.9
hod_break,lim,tr,spread_med,600,-0.006,-0.054,-1.34,-0.076,-0.032,0.9
orb15,lim,tr,spread_med,1220,-0.001,-0.054,-1.85,-0.077,-0.03,0.91
orb5,lim,tr,spread_med,2133,-0.075,-0.119,-5.09,-0.111,-0.126,0.94
pm_high_break,lim,tr,spread_med,618,-0.009,-0.062,-1.51,-0.079,-0.046,0.93
vwap_pullback,lim,tr,spread_med,3775,-0.059,-0.193,-10.31,-0.217,-0.169,0.84
afternoon_hod,lim,tr,spread_p75,719,0.004,-0.12,-3.13,-0.187,-0.053,0.9
bull_flag,lim,tr,spread_p75,2007,-0.03,-0.164,-6.53,-0.167,-0.162,0.9
ema_bounce,lim,tr,spread_p75,4817,-0.005,-0.168,-9.97,-0.141,-0.195,0.91
eod_squeeze,lim,tr,spread_p75,635,-0.03,-0.245,-2.1,-0.096,-0.394,0.86
failed_breakdown,lim,tr,spread_p75,2299,-0.042,-0.17,-7.53,-0.144,-0.196,0.9
hod_break,lim,tr,spread_p75,600,-0.006,-0.095,-2.31,-0.117,-0.072,0.9
orb15,lim,tr,spread_p75,1220,-0.001,-0.098,-3.31,-0.124,-0.071,0.91
orb5,lim,tr,spread_p75,2133,-0.075,-0.152,-6.46,-0.145,-0.159,0.94
pm_high_break,lim,tr,spread_p75,618,-0.009,-0.109,-2.59,-0.126,-0.092,0.93
vwap_pullback,lim,tr,spread_p75,3775,-0.059,-0.304,-15.66,-0.334,-0.275,0.84
